电影排名,电影名称,导演,编剧,主演,类型,制片国家/地区,语言,上映日期,片长,又名,IMDB,摘要,评分,投票,5星,4星,3星,2星,1星
No.1,肖申克的救赎 The Shawshank Redemption,弗兰克·德拉邦特,弗兰克·德拉邦特、斯蒂芬·金,蒂姆·罗宾斯、摩根·弗里曼、鲍勃·冈顿、威廉·桑德勒、克兰西·布朗、吉尔·贝罗斯、马克·罗斯顿、詹姆斯·惠特摩、杰弗里·德曼、拉里·布兰登伯格、尼尔·吉恩托利、布赖恩·利比、大卫·普罗瓦尔、约瑟夫·劳格诺、祖德·塞克利拉、保罗·麦克兰尼、芮妮·布莱恩、阿方索·弗里曼、V·J·福斯特、弗兰克·梅德拉诺、马克·迈尔斯、尼尔·萨默斯、耐德·巴拉米、布赖恩·戴拉特、唐·麦克马纳斯,N/A,N/A,N/A,N/A,N/A,N/A,N/A,"
                            
                            
                        ",9.7,3079607,85.8%,12.7%,1.3%,0.1%,0.1%
No.2,霸王别姬,陈凯歌,芦苇、李碧华,张国荣、张丰毅、巩俐、葛优、英达、蒋雯丽、吴大维、吕齐、雷汉、尹治、马明威、费振翔、智一桐、李春、赵海龙、李丹、童弟、沈慧芬、黄斐、徐杰,N/A,N/A,N/A,N/A,N/A,N/A,N/A,"
                                　　段小楼（张丰毅）与程蝶衣（张国荣）是一对打小一起长大的师兄弟，两人一个演生，一个饰旦，一向配合天衣无缝，尤其一出《霸王别姬》，更是誉满京城，为此，两人约定合演一辈子《霸王别姬》。但两人对戏剧与人生关系的理解有本质不同，段小楼深知戏非人生，程蝶衣则是人戏不分。
                                    
                                　　段小楼在认为该成家立业之时迎娶了名妓菊仙（巩俐），致使程蝶衣认定菊仙是可耻的第三者，使段小楼做了叛徒，自此，三人围绕一出《霸王别姬》生出的爱恨情仇战开始随着时代风云的变迁不断升级，终酿成悲剧。
                        ",9.6,2273580,82.5%,15.2%,1.9%,0.2%,0.2%
N/A,N/A,N/A,N/A,N/A,N/A,N/A,N/A,N/A,N/A,N/A,N/A,N/A,N/A,0,0,0,0,0,0
N/A,N/A,N/A,N/A,N/A,N/A,N/A,N/A,N/A,N/A,N/A,N/A,N/A,N/A,0,0,0,0,0,0
No.5,千与千寻 千と千尋の神隠し,宫崎骏,宫崎骏,柊瑠美、入野自由、夏木真理、菅原文太、中村彰男、玉井夕海、神木隆之介、内藤刚志、泽口靖子、我修院达也、大泉洋、小林郁夫、上条恒彦、小野武彦,N/A,N/A,N/A,N/A,N/A,N/A,N/A,"
                                　　千寻和爸爸妈妈一同驱车前往新家，在郊外的小路上不慎进入了神秘的隧道——他们去到了另外一个诡异世界—一个中世纪的小镇。远处飘来食物的香味，爸爸妈妈大快朵颐，孰料之后变成了猪！这时小镇上渐渐来了许多样子古怪、半透明的人。
                                    
                                　　千寻仓皇逃出，一个叫小白的人救了他，喂了她阻止身体消 失的药，并且告诉她怎样去找锅炉爷爷以及汤婆婆，而且必须获得一份工作才能不被魔法变成别的东西。
                                    
                                　　千寻在小白的帮助下幸运地获得了一份在浴池打杂的工作。渐渐她不再被那些怪模怪样的人吓倒，并从小玲那儿知道了小白是凶恶的汤婆婆的弟子。
                                    
                                　　一次，千寻发现小白被一群白色飞舞的纸人打伤，为了救受伤的小白，她用河神送给她的药丸驱出了小白身体内的封印以及守封印的小妖精，但小白还是没有醒过来。
                                    
                                　　为了救小白，千寻又踏上了她的冒险之旅。
                        ",9.4,2381703,73.6%,22.8%,3.3%,0.2%,0.1%
N/A,N/A,N/A,N/A,N/A,N/A,N/A,N/A,N/A,N/A,N/A,N/A,N/A,N/A,0,0,0,0,0,0
N/A,N/A,N/A,N/A,N/A,N/A,N/A,N/A,N/A,N/A,N/A,N/A,N/A,N/A,0,0,0,0,0,0
No.8,星际穿越 Interstellar,克里斯托弗·诺兰,乔纳森·诺兰、克里斯托弗·诺兰,马修·麦康纳、安妮·海瑟薇、杰西卡·查斯坦、麦肯吉·弗依、卡西·阿弗莱克、迈克尔·凯恩、马特·达蒙、提莫西·查拉梅、艾伦·伯斯汀、约翰·利思戈、韦斯·本特利、大卫·吉亚西、比尔·欧文、托弗·戈瑞斯、科莱特·沃夫、弗朗西斯·X.麦卡蒂、安德鲁·博尔巴、乔什·斯图沃特、莱雅·卡里恩斯、利亚姆·迪金森、杰夫·赫普内尔、伊莱耶斯·加贝尔、布鲁克·史密斯、大卫·奥伊罗、威廉姆·德瓦内、拉什·费加、格里芬·弗雷泽、弗洛拉·诺兰,N/A,N/A,N/A,N/A,N/A,N/A,N/A,"
                            
                            
                        ",9.4,2004690,75.6%,20.2%,3.6%,0.4%,0.2%
No.9,盗梦空间 Inception,克里斯托弗·诺兰,克里斯托弗·诺兰,莱昂纳多·迪卡普里奥、约瑟夫·高登-莱维特、艾利奥特·佩吉、汤姆·哈迪、渡边谦、迪利普·劳、基里安·墨菲、汤姆·贝伦杰、玛丽昂·歌迪亚、皮特·波斯尔思韦特、迈克尔·凯恩、卢卡斯·哈斯、李太力、克莱尔·吉尔蕾、马格努斯·诺兰、泰勒·吉蕾、乔纳森·吉尔、水源士郎、冈本玉二、厄尔·卡梅伦、瑞恩·海沃德、米兰达·诺兰、拉什·费加、蒂姆·科勒赫、妲露拉·莱莉,N/A,N/A,N/A,N/A,N/A,N/A,N/A,"
                            
                            
                        ",9.4,2193299,72.7%,23.4%,3.5%,0.2%,0.1%
No.10,楚门的世界 The Truman Show,彼得·威尔,安德鲁·尼科尔,金·凯瑞、劳拉·琳妮、艾德·哈里斯、诺亚·艾默里奇、娜塔莎·麦克艾霍恩,N/A,N/A,N/A,N/A,N/A,N/A,N/A,"
                                　　楚门（金•凯瑞 Jim Carrey 饰）是一个平凡得不能再平凡的人，除了一些有些稀奇的经历之外——初恋女友突然失踪、溺水身亡的父亲忽然似乎又出现在眼前，他和绝大多数30多岁的美国男人绝无异样。这令他倍感失落。他也曾试过离开自己生活了多年的地方，但总因种种理由而不能成行。
                                    
                                　　直到有一天，他忽然发觉自己似乎一直在被人跟踪，无论他走到哪里，干什么事情。这种感觉愈来愈强烈。楚门决定不惜一切代价逃离这个他生活了30多年的地方，去寻找他的初恋女友。
                                    
                                　　但他却发现自己怎样也逃不出去。真相其实很残忍。
                        ",9.4,1862437,72.4%,24.1%,3.3%,0.2%,0.1%
No.11,辛德勒的名单 Schindler's List,史蒂文·斯皮尔伯格,托马斯·肯尼利、斯蒂文·泽里安,连姆·尼森、本·金斯利、拉尔夫·费因斯、卡罗琳·古多尔、乔纳森·萨加尔、艾伯丝·戴维兹、马尔戈萨·格贝尔、马克·伊瓦涅、碧翠斯·马科拉、安德烈·瑟韦林、弗里德里希·冯·图恩、克齐斯茨托夫·拉夫特、诺伯特·魏塞尔、维斯瓦夫·科马萨,N/A,N/A,N/A,N/A,N/A,N/A,N/A,"
                                　　1939年，波兰在纳粹德国的统治下，党卫军对犹太人进行了隔离统治。德国商人奥斯卡·辛德勒（连姆·尼森 Liam Neeson 饰）来到德军统治下的克拉科夫，开设了一间搪瓷厂，生产军需用品。凭着出众的社交能力和大量的金钱，辛德勒和德军建立了良好的关系，他的工厂雇用犹太人工作，大发战争财。
                                    
                                　　1943年，克拉科夫的犹太人遭到了惨绝人寰的大屠杀，辛德勒目睹这一切，受到了极大的震撼，他贿赂军官，让自己的工厂成为集中营的附属劳役营，在那些疯狂屠杀的日子里，他的工厂也成为了犹太人的避难所。
                                    
                                　　1944年，德国战败前夕，屠杀犹太人的行动越发疯狂，辛德勒向德军军官开出了1200人的名单，倾家荡产买下了这些犹太人的生命。在那些暗无天日的岁月里，拯救一个人，就是拯救全世界。
                        ",9.5,1185051,80.2%,17.3%,2.1%,0.1%,0.2%
No.12,忠犬八公的故事 Hachi: A Dog's Tale,拉斯·霍尔斯道姆,斯蒂芬·P·林赛、新藤兼人,理查·基尔、莎拉·罗默尔、琼·艾伦、罗比·萨布莱特、艾瑞克·阿瓦利、田川洋行、杰森·亚历山大、罗伯特·卡普荣,N/A,N/A,N/A,N/A,N/A,N/A,N/A,"
                            
                            
                        ",9.4,1466900,74.9%,21.1%,3.6%,0.3%,0.1%
No.13,海上钢琴师 La leggenda del pianista sull'oceano,朱塞佩·托纳多雷,亚历山德罗·巴里科、朱塞佩·托纳多雷,蒂姆·罗斯、普路特·泰勒·文斯、比尔·努恩、克兰伦斯·威廉姆斯三世、梅兰尼·蒂埃里、皮特·沃恩、尼尔·奥布赖恩、阿尔贝托·巴斯克斯、加布里埃莱·拉维亚、科里·巴克、西德尼·科尔、Luigi De Luca、尼古拉·迪·平托、费米·依鲁福祖、伊斯顿·盖奇、凯文·麦克纳利、布莱恩·普林格、沙拉·鲁宾、希思科特·威廉姆斯、阿妮妲·扎格利亚、安吉洛·迪洛雷塔,N/A,N/A,N/A,N/A,N/A,N/A,N/A,"
                                　　本片讲述了一个钢琴天才传奇的一生。
                                    
                                　　1900年，Virginian号豪华邮轮上，一个孤儿被遗弃在头等舱，由船上的水手抚养长大，取名1900（蒂姆•罗斯 饰）。1900慢慢长大，显示出了无师自通的非凡钢琴天赋，在船上的乐队表演钢琴，每个听过他演奏的人，都被深深打动。爵士乐鼻祖杰尼听说了1900的高超技艺，专门上船和他比赛，最后自叹弗如，黯然离去。
                                    
                                　　可惜，这一切的事情都发生在海上，1900从来不愿踏上陆地，直到有一天，他爱上了一个女孩，情愫在琴键上流淌。他会不会为了爱情，踏上陆地开始新的生活，用他的琴声惊艳世界？他将怎样谱写自己非凡的人生。
                        ",9.3,1770597,71.0%,24.0%,4.4%,0.4%,0.2%
No.14,三傻大闹宝莱坞 3 Idiots,拉吉库马尔·希拉尼,维德胡·维诺德·乔普拉、拉吉库马尔·希拉尼、阿希贾特·乔希,阿米尔·汗、卡琳娜·卡普尔、马达范、沙尔曼·乔希、奥米·瓦依达、博曼·伊拉尼、莫娜·辛格、拉杰夫·拉宾德拉纳特安,N/A,N/A,N/A,N/A,N/A,N/A,N/A,"
                            
                            
                        ",9.2,1963581,68.9%,25.4%,4.9%,0.5%,0.2%
No.15,放牛班的春天 Les choristes,克里斯托夫·巴哈蒂,乔治·沙普罗、勒·惠勒、诺埃-诺尔、克里斯托夫·巴哈蒂、菲利普·洛佩斯-屈瓦尔,让-巴蒂斯特·莫尼耶、热拉尔·朱尼奥、弗朗索瓦·贝莱昂、凯德·麦拉德、让-保罗·博奈雷、雅克·贝汉、玛丽·布奈尔、马克桑斯·贝汉、格雷戈里·加迪诺尔、托马斯·布伦门塔尔、西里尔·伯尔尼科特、西蒙·法戈特、泰奥杜尔·卡雷-卡赛尼、菲利普·杜·詹纳兰德、埃里克·德斯玛莱茨、狄迪尔·弗拉蒙、Carole Weiss,N/A,N/A,N/A,N/A,N/A,N/A,N/A,"
                                　　1949年的法国乡村，音乐家克莱门特（热拉尔·朱尼奥 饰）到了一间外号叫“塘低”的男子寄宿学校当助理教师。学校里的学生大部分都是难缠的问题儿童，体罚在这里司空见惯，学校的校长（弗朗索瓦·贝莱昂 饰）只顾自己的前途，残暴高压。
                                    
                                　　性格沉静的克莱门特尝试用自己的方法改善这种状况，他重新创作音乐作品，组织合唱团，决定用音乐的方法来打开学生们封闭的心灵。
                                    
                                　　然而，事情并不顺利，克莱门特发现学生皮埃尔·莫安琦（让-巴蒂斯特·莫尼耶 饰）拥有非同一般的音乐天赋，但是单亲家庭长大的他，性格异常敏感孤僻，怎样释放皮埃尔的音乐才能，让克莱门特头痛不已；同时，他与皮埃尔母亲的感情也渐渐微妙起来。
                        ",9.3,1392541,71.0%,25.2%,3.5%,0.2%,0.1%
N/A,N/A,N/A,N/A,N/A,N/A,N/A,N/A,N/A,N/A,N/A,N/A,N/A,N/A,0,0,0,0,0,0
No.17,疯狂动物城 Zootopia,拜伦·霍华德、瑞奇·摩尔、杰拉德·布什,拜伦·霍华德、瑞奇·摩尔、杰拉德·布什、吉姆·里尔顿、乔西·特立尼达、菲尔·约翰斯顿、珍妮弗·李,金妮弗·古德温、杰森·贝特曼、伊德瑞斯·艾尔巴、珍妮·斯蕾特、内特·托伦斯、邦妮·亨特、唐·雷克、汤米·钟、J·K·西蒙斯、奥克塔维亚·斯宾瑟、艾伦·图代克、夏奇拉、雷蒙德·S·佩尔西、德拉·萨巴、莫里斯·拉马奇、菲尔·约翰斯顿、约翰·迪·马吉欧、凯蒂·洛斯、吉塔·雷迪、杰西·科尔蒂、汤米·利斯特、乔希·达拉斯、瑞奇·摩尔、凯斯·索西、彼得·曼斯布里奇、拜伦·霍华德、杰拉德·布什、马克·史密斯、乔西·特立尼达、约翰·拉维尔、克里斯汀·贝尔、吉尔·科德斯、梅利莎·古德温,N/A,N/A,N/A,N/A,N/A,N/A,N/A,"
                                　　故事发生在一个所有哺乳类动物和谐共存的美好世界中，兔子朱迪（金妮弗·古德温 Ginnifer Goodwin 配音）从小就梦想着能够成为一名惩恶扬善的刑警，凭借着智慧和努力，朱迪成功的从警校中毕业进入了疯狂动物城警察局，殊不知这里是大型肉食类动物的领地，作为第一只，也是唯一的小型食草类动物，朱迪会遇到怎样的故事呢？
                                    
                                　　近日里，城中接连发生动物失踪案件，就在全部警员都致力于调查案件真相之时，朱迪却被局长（伊德瑞斯·艾尔巴 Idris Elba 配音）发配成为了一名无足轻重的交警。某日，正在执勤的兔子遇见了名为尼克（杰森·贝特曼 Jason Bateman 配音）的狐狸，两人不打不相识，之后又误打误撞的接受了寻找失踪的水獭先生的任务，如果不能在两天之内找到水獭先生，朱迪就必须自愿离开警局。朱迪找到了尼克，两人联手揭露了一个隐藏在疯狂动物城之中的惊天秘密。
                        ",9.2,2090703,66.8%,28.5%,4.4%,0.2%,0.1%
No.18,无间道 無間道,刘伟强、麦兆辉,麦兆辉、庄文强,刘德华、梁朝伟、黄秋生、曾志伟、陈慧琳、郑秀文、陈冠希、余文乐、萧亚轩、林家栋、吴廷烨、林迪安、尹志强、许金峰、何华超、利沙华、区轩玮、李天翔、黄燕强、姚文基、余世腾、苏伟南、黎志伟、梁皓楷、张旭燊、袁伟豪、杜汶泽,N/A,N/A,N/A,N/A,N/A,N/A,N/A,"
                                　　1991年，香港黑帮三合会会员刘健明（刘德华）听从老大韩琛（曾志伟）的吩咐，加入警察部队成为黑帮卧底，韩琛许诺刘健明会帮其在七年后晋升为见习督察。1992年，警察训练学校优秀学员陈永仁（梁朝伟）被上级要求深入到三合会做卧底，终极目标是成为韩琛身边的红人。2002年，两人都不负重望，也都身背重压，刘健明渐想成为一个真正的好人，陈永仁则盼着尽快回归警察身份。
                                    
                                　　重案组从陈永仁手中获悉一批毒品交易情报，锁紧目标人物韩琛，没料情报被刘健明泄出，双方行动均告失败。但此事将双方均有卧底的事实暴露，引发双方高层清除内鬼的决心。命运迥异又相似的刘健明和陈永仁开始在无间道的旅程中接受严峻考验。
                        ",9.3,1464281,69.5%,26.5%,3.8%,0.2%,0.1%
No.19,控方证人 Witness for the Prosecution,比利·怀尔德,比利·怀尔德、哈里·库尼兹、劳伦斯·B·马库斯,泰隆·鲍华、玛琳·黛德丽、查尔斯·劳顿、埃尔莎·兰彻斯特、约翰·威廉姆斯、亨利·丹尼尔、伊安·沃尔夫、托林·撒切尔、诺玛·威登、尤娜·奥康纳、Francis Compton、Philip Tonge、茹塔·李、帕特里克·艾亨、Don Ames、沃尔特·培根、埃迪·贝克、Benjie Bancroft、John Barton、Brandon Beach,N/A,N/A,N/A,N/A,N/A,N/A,N/A,"
                            
                            
                        ",9.6,637658,82.3%,15.9%,1.6%,0.1%,0.1%
No.20,大话西游之大圣娶亲 西遊記大結局之仙履奇緣,刘镇伟,刘镇伟、吴承恩,周星驰、吴孟达、朱茵、蔡少芬、蓝洁瑛、莫文蔚、罗家英、刘镇伟、陆树铭、李健仁,N/A,N/A,N/A,N/A,N/A,N/A,N/A,"
                                　　至尊宝（周星驰 饰）被月光宝盒带回到五百年前，遇见紫霞仙子（朱茵 饰），被对方打上烙印成为对方的人，并发觉自己已变成孙悟空。
                                    
                                　　紫霞与青霞（朱茵 饰）本是如来佛祖座前日月神灯的灯芯（白天是紫霞，晚上是青霞），二人虽然同一肉身却仇恨颇深，因此紫霞立下誓言，谁能拔出她手中的紫青宝剑，谁就是她的意中人。紫青宝剑被至尊宝于不经意间拔出，紫霞决定以身相许，却遭一心记挂白晶晶（莫文蔚 饰）的至尊宝拒绝。后牛魔王救下迷失在沙漠中的紫霞，并逼紫霞与他成婚，关键时刻，至尊宝现身。
                        ",9.2,1618656,66.9%,26.3%,5.9%,0.5%,0.3%
No.21,熔炉 도가니,黄东赫,黄东赫、孔枝泳,孔刘、郑裕美、金贤秀、郑仁絮、白承焕、张光、金民尚、林贤成、金周灵、严孝燮、全国焕、崔镇浩、金志映、严智星、许在浩、张素妍,N/A,N/A,N/A,N/A,N/A,N/A,N/A,"
                                　　来自首尔的哑语美术老师仁浩（孔宥 饰）来到雾津，应聘慈爱聋哑人学校。天降大雾，他意外撞车，维修时邂逅了人权组织成员柔珍（郑有美 饰）。仁浩妻子早亡，8岁女儿天生哮喘由祖母照看，所以他不辞辛苦谋职养家。然而，双胞胎的校长与教导主任竟逼仁浩索贿5千万韩元。同时，仁浩逐渐发现学校笼罩着一种紧张压抑的气氛，令人窒息。有三个孩子引人关注：聪颖的金妍斗（金贤秀 饰）、贪吃的陈宥利（郑仁絮 饰）和弟弟自杀身亡的全民秀（白承焕 饰），民秀总是满脸淤青。下课后，仁浩还听到女厕所中有呼喊与哭泣，在门卫的阻拦下他未深究。之后。他意外目睹了校长行贿警察，教导员毒打民秀，宿导溺罚妍斗的行径。一个惊天的隐秘被慢慢揭开，真相令韩国震惊……
                                    
                                　　本片取材于2005年光州一所聋哑障碍人学校的真实事件，改编自韩国作家孔枝泳的同名小说。
                        ",9.3,985160,71.5%,24.9%,3.3%,0.2%,0.1%
No.22,教父 The Godfather,弗朗西斯·福特·科波拉,马里奥·普佐、弗朗西斯·福特·科波拉,马龙·白兰度、阿尔·帕西诺、詹姆斯·肯恩、理查德·卡斯特尔诺、罗伯特·杜瓦尔、斯特林·海登、约翰·马利、理查德·康特、艾尔·勒提埃里、黛安·基顿、阿贝·维高达、塔莉娅·夏尔、吉亚尼·罗素、约翰·凯泽尔、鲁迪·邦德、兰尼·蒙大拿,N/A,N/A,N/A,N/A,N/A,N/A,N/A,"
                                　　40年代的美国，“教父”维托·柯里昂（马龙·白兰度 饰）是黑手党柯里昂家族的首领，带领家族从事非法的勾当，但同时他也是许多弱小平民的保护神，深得人们爱戴。
                                    
                                　　因为拒绝了毒枭索洛索的毒品交易要求，柯里昂家族和纽约其他几个黑手党家族的矛盾激化。圣诞前夕，索洛索劫持了“教父”的参谋汤姆，并派人暗杀“教父”；因为内奸的出卖，“教父”的大儿子逊尼被仇家杀害；小儿子麦克（阿尔·帕西诺 饰）也被卷了进来，失去爱妻。黑手党家族之间的矛盾越来越白热化。
                                    
                                　　年老的“教父”面对丧子之痛怎样统领全局？黑手党之间的仇杀如何落幕？谁是家族的内奸？谁又能够成为新一代的“教父”？
                                    
                                　　血雨腥风和温情脉脉，在这部里程碑式的黑帮史诗巨片里真实上演。
                        ",9.3,1035481,72.2%,22.7%,4.5%,0.4%,0.2%
No.23,触不可及 Intouchables,奥利维埃·纳卡什、埃里克·托莱达诺,奥利维埃·纳卡什、埃里克·托莱达诺,弗朗索瓦·克鲁塞、奥玛·希、安娜·勒尼、奥德雷·弗勒罗、约瑟芬娜·德·摩、克洛蒂尔德·莫莱特、阿尔芭·贝露琪、Cyril Mendy、萨丽马特·卡马特、Absa Diatou Toure、Grégoire Oestermann、Dominique Daguier、François Caron、Christian Ameri、托马·索利韦尔,N/A,N/A,N/A,N/A,N/A,N/A,N/A,"
                                　　因为一次跳伞事故，白人富翁菲利普Philippe（弗朗索瓦·克鲁塞 François Cluzet 饰）瘫痪在床，欲招聘一名全职陪护。由于薪酬高，应聘者云集，个个舌灿莲花，却无法打动他的心。直到黑人德希斯Driss（奥玛·赛 Omar Sy 饰）的出现才让他作出决定。德希斯刚从监狱出来，背负家庭重担，一心只想寻张辞退信以申领救济金，而且他明显对女助理的兴趣要远大于这份工作。但是菲利普还是一眼相中了这个小伙子。于是，德希斯开始了一个月的试用期。虽然舒适的豪宅环境让他倍感虚荣，但是他仍面临很多挑战：不仅要为菲利普作身体复健，还得给他洗浴、灌肠、拆信、穿丝袜等。起初，两人的思维方式与价值观大相径庭，但是，随着了解的不断深入，他们成为了朋友……
                                    
                                　　本片取材于真实事件，获2011年东京电影节最佳影片金麒麟奖，弗朗索瓦·克鲁塞与奥玛·赛分享影帝桂冠。
                        ",9.3,1205729,68.8%,26.8%,4.1%,0.3%,0.1%
No.24,当幸福来敲门 The Pursuit of Happyness,加布里埃莱·穆奇诺,斯蒂夫·康拉德,威尔·史密斯、贾登·史密斯、坦迪·牛顿、布莱恩·豪威 、詹姆斯·凯伦、丹·卡斯泰兰尼塔、柯特·富勒、塔卡尤·费舍尔、凯文·韦斯特、乔治·张、戴维·迈克尔·西尔弗曼、多米尼克·博夫、杰弗·卡伦、乔伊芙·拉文、斯科特·克拉斯,N/A,N/A,N/A,N/A,N/A,N/A,N/A,"
                                　　克里斯•加纳（威尔·史密斯 Will Smith 饰）用尽全部积蓄买下了高科技治疗仪，到处向医院推销，可是价格高昂，接受的人不多。就算他多努力都无法提供一个良好的生活环境给妻儿，妻子（桑迪·牛顿 Thandie Newton 饰）最终选择离开家。从此他带着儿子克里斯托夫（贾登·史密斯 Jaden Smith 饰）相依为命。克里斯好不容易争取回来一个股票投资公司实习的机会，就算没有报酬，成功机会只有百分之五，他仍努力奋斗，儿子是他的力量。他看尽白眼，与儿子躲在地铁站里的公共厕所里，住在教堂的收容所里…… 他坚信，幸福明天就会来临。
                        ",9.2,1603742,64.7%,28.9%,5.7%,0.4%,0.2%
N/A,N/A,N/A,N/A,N/A,N/A,N/A,N/A,N/A,N/A,N/A,N/A,N/A,N/A,0,0,0,0,0,0
N/A,N/A,N/A,N/A,N/A,N/A,N/A,N/A,N/A,N/A,N/A,N/A,N/A,N/A,0,0,0,0,0,0
No.27,龙猫 となりのトトロ,宫崎骏,宫崎骏,日高范子、坂本千夏、糸井重里、岛本须美、北林谷荣、高木均、雨笠利幸、丸山裕子、广濑正志、鹫尾真知子、铃木玲子、千叶繁、龙田直树、鳕子、西村朋纮、石田光子、神代知衣、中村大树、水谷优子、平松晶子、大谷育江,N/A,N/A,N/A,N/A,N/A,N/A,N/A,"
                                　　小月的母亲生病住院了，父亲带着她与四岁的妹妹小梅到乡间的居住。她们对那里的环境都感到十分新奇，也发现了很多有趣的事情。她们遇到了很多小精灵，她们来到属于她们的环境中，看到了她们世界中很多的奇怪事物，更与一只大大胖胖的龙猫成为了朋友。龙猫与小精灵们利用他们的神奇力量，为小月与妹妹带来了很多神奇的景观，令她们大开眼界。
                                    
                                　　妹妹小梅常常挂念生病中的母亲，嚷着要姐姐带着她去看母亲，但小月拒绝了。小梅竟然自己前往，不料途中迷路了，小月只好寻找她的龙猫及小精灵朋友们帮助。
                        ",9.2,1339582,64.4%,29.5%,5.8%,0.2%,0.1%
No.28,怦然心动 Flipped,罗伯·莱纳,罗伯·莱纳、安德鲁·沙因曼、文德琳·范·德拉安南,玛德琳·卡罗尔、卡兰·麦克奥利菲、瑞贝卡·德·莫妮、安东尼·爱德华兹、约翰·马奥尼、佩内洛普·安·米勒、艾丹·奎因、凯文·韦斯曼、摩根·莉莉、瑞安·克茨纳、吉莉安·普法夫、迈克尔·博萨、博·勒纳、杰奎琳·埃沃拉、泰勒·格鲁秀斯、艾莉·布莱恩特、阿什莉·泰勒、伊瑟尔·布罗萨德、科迪·霍恩、迈克尔·博尔顿、肖恩·哈珀、斯戴芬妮·斯考特、帕特丽夏·伦茨、马修·戈尔德、阿罗拉·凯瑟琳·史密斯、凯莉·唐纳利、索菲亚·撒高、米歇尔·梅斯默、斯科特·乔尔·吉兹基、罗德·迈尔斯、卡拉 帕西托、凯特琳·帕西托,N/A,N/A,N/A,N/A,N/A,N/A,N/A,"
                            
                            
                        ",9.1,1941410,62.1%,30.4%,6.8%,0.5%,0.2%
No.29,哈利·波特与魔法石 Harry Potter and the Sorcerer's Stone,克里斯·哥伦布,史蒂夫·克洛夫斯、J·K·罗琳,丹尼尔·雷德克里夫、艾玛·沃森、鲁伯特·格林特、艾伦·瑞克曼、玛吉·史密斯、汤姆·费尔顿、伊恩·哈特、理查德·哈里斯、约翰·赫特、罗彼·考特拉尼、朱丽·沃特斯、邦妮·怀特、约翰·克里斯、肖恩·比格斯代夫,N/A,N/A,N/A,N/A,N/A,N/A,N/A,"
                                　　哈利波特是一个孤儿，从小寄养在姨妈家，受尽欺凌。但就在哈利11岁生日的时候，他意外收到了霍格沃茨学院的入学通知书。哈利从该学院派来接他的巨人海格口中得知，这是一间魔法学院，并得知了自己的身世，原来哈利的父母都是伟大的魔法师，在对付伏地魔的战斗中双双献身，唯有哈利幸免于难。
                                    
                                　　哈利进入霍格沃茨后，表现出了超乎想象的飞行天赋，得到麦格教授的推荐进入了格兰芬多的魁地奇球队。另一方面，哈利发现霍格沃茨学院内有一股黑暗势力似乎在暗暗滋长，揭开谜团的关键就在有凶恶的三头犬守护的房间内。
                                    
                                　　哈利、罗恩和赫敏三个好朋友决定探个究竟。
                        ",9.2,1306686,65.9%,28.2%,5.5%,0.3%,0.1%
N/A,N/A,N/A,N/A,N/A,N/A,N/A,N/A,N/A,N/A,N/A,N/A,N/A,N/A,0,0,0,0,0,0
N/A,N/A,N/A,N/A,N/A,N/A,N/A,N/A,N/A,N/A,N/A,N/A,N/A,N/A,0,0,0,0,0,0
No.32,指环王3：王者无敌 The Lord of the Rings: The Return of the King,彼得·杰克逊,弗兰·威尔士、菲利帕·鲍恩斯、彼得·杰克逊、J.R.R.托尔金,伊利亚·伍德、西恩·奥斯汀、维果·莫腾森、奥兰多·布鲁姆、伊恩·麦克莱恩、肖恩·宾、多米尼克·莫纳汉、丽芙·泰勒、约翰·贝西、凯特·布兰切特、比利·博伊德、萨德文·布罗菲、阿利斯泰尔·布朗宁、马尔顿·索克斯、伯纳德·希尔、伊安·霍姆、布鲁斯·霍普金斯、伊恩·休斯、劳伦斯·马克奥雷、诺埃尔·阿普利比、布雷特·麦肯齐、Alexandra Astin、Sarah McLeod、Maisy McLeod-Riera、约翰·诺贝尔、Paul Norell、米兰达·奥图、布鲁斯·菲利普斯、沙恩·朗吉、约翰·瑞斯-戴维斯、托德·里彭、安迪·瑟金斯、Harry Sinclair、乔尔·托贝克、卡尔·厄本、史蒂芬·乌瑞、雨果·维文、大卫·文翰、阿兰·霍华德、萨拉·贝克、Robert Pollock、佩特·史密斯、杰德·布罗菲、菲利普·格里夫、布拉德·道里夫、克里斯托弗·李、布鲁斯·斯宾斯、吉诺·阿赛维多、Jarl Benzon、Jørn Benzon、Robert Catto、Michael Elsworth、彼得·杰克逊、Sandro Kopp、安德鲁·莱斯尼、约瑟夫·米卡-亨特、亨利·莫腾森、克雷格·帕克、克里斯蒂安·瑞沃斯、迈克尔·斯曼内科 、霍华德·肖、约翰·斯蒂芬森、理查德·泰勒,N/A,N/A,N/A,N/A,N/A,N/A,N/A,"
                                　　魔幻战争逐渐进入高潮阶段。霍比特人佛罗多（伊利亚·伍德 Elijah Wood 饰）携带着魔戒，与伙伴山姆（西恩·奥斯汀 Sean Astin 饰）以及狡猾阴暗的咕噜等前往末日山，一路上艰难险阻不断，魔君索伦为阻止魔戒被销毁用尽全力阻挠。另一方面，白袍巫师甘道夫（伊恩·麦克莱恩 Ian McKellen 饰）率中土勇士们镇守刚铎首都——白城米那斯提里斯。魔兽大军压境，黑暗与光明的决战即将来临……
                                    
                                　　本片是“指环王三部曲”的终结篇，根据英国作家J.R.R.托尔金（J.R.R. Tolkien）同名魔幻巨著《指环王》（The Lord of the Rings）改编，并荣获2004年第76届奥斯卡最佳影片、最佳导演、最佳改编剧本、最佳剪辑、最佳艺术指导、最佳服装设计、最佳化妆、最佳视觉效果、最佳音效、最佳配乐和最佳歌曲等11项大奖。
                        ",9.3,856526,71.0%,23.5%,5.0%,0.4%,0.2%
No.33,我不是药神,文牧野,韩家女、钟伟、文牧野,徐峥、王传君、周一围、谭卓、章宇、杨新鸣、王佳佳、王砚辉、贾弘逍、龚蓓苾、宁浩、李乃文、岳小军、苇青、富冠铭、巴拉特·巴蒂、喜利图、张海艳、朱耕佑,N/A,N/A,N/A,N/A,N/A,N/A,N/A,"
                                　　普通中年男子程勇（徐峥 饰）经营着一家保健品店，失意又失婚。不速之客吕受益（王传君 饰）的到来，让他开辟了一条去印度买药做“代购”的新事业，虽然困难重重，但他在这条“买药之路”上发现了商机，一发不可收拾地做起了治疗慢粒白血病的印度仿制药独家代理商。赚钱的同时，他也认识了几个病患及家属，为救女儿被迫做舞女的思慧（谭卓 饰）、说一口流利“神父腔”英语的刘牧师（杨新鸣 饰），以及脾气暴烈的“黄毛”（章宇 饰），几个人合伙做起了生意，利润倍增的同时也危机四伏。程勇昔日的小舅子曹警官（周一围 饰）奉命调查仿制药的源头，假药贩子张长林（王砚辉 饰）和瑞士正牌医药代表（李乃文 饰）也对其虎视眈眈，生意逐渐变成了一场关于救赎的拉锯战。
                                    
                                　　本片改编自慢粒白血病患者陆勇代购抗癌药的真实事迹。
                        ",9.0,2228631,58.8%,33.7%,6.8%,0.5%,0.2%
N/A,N/A,N/A,N/A,N/A,N/A,N/A,N/A,N/A,N/A,N/A,N/A,N/A,N/A,0,0,0,0,0,0
No.35,飞屋环游记 Up,彼特·道格特、鲍勃·彼德森,彼特·道格特、鲍勃·彼德森、汤姆·麦卡锡,爱德华·阿斯纳、克里斯托弗·普卢默、乔丹·长井、鲍勃·彼德森、德尔罗伊·林多、杰罗姆·兰福特、约翰·拉森贝格、大卫·卡耶、艾丽·道克特、杰里米·利里、米凯·麦高万、丹尼·曼恩、唐纳德·富利洛夫、杰斯·哈梅尔、乔什·库雷、彼特·道格特,N/A,N/A,N/A,N/A,N/A,N/A,N/A,"
                            
                            
                        ",9.1,1410154,61.2%,32.2%,6.2%,0.3%,0.1%
No.36,素媛 소원,李濬益,金智慧、曹重勋、金成旭,薛景求、严志媛、李来、金海淑、金相镐、罗美兰、杨真诚、权泰元,N/A,N/A,N/A,N/A,N/A,N/A,N/A,"
                                　　她（李来 饰）是一个美丽平凡的小女孩，和爸爸妈妈生活在位于街角的家中。家里经营着以她的名字素媛命名的杂货店，母亲（严智媛 饰）作为老板娘日夜忙碌不得闲暇，父亲则在工厂干着繁重的工作。在那个飘雨的早上，素媛打着雨伞独自上学。在离学校近在咫尺的地方，她遭遇一个相貌猥琐、酒气冲天的大叔，由此开启了她的悲剧之旅。柔嫩的小花遭到暴风雨无情摧残，受伤的岂止枝枝叶叶，更是那迎着阳光无忧成长的心。无良媒体铺天盖地大肆渲染，作为受害者的素媛一家仿佛成了周身污秽的耻辱之人，被四周诧异好奇的目光所包围。
                                    
                                　　妈妈悲痛欲绝，几近崩溃。爸爸全力保护女儿，但受伤的小天使却拒绝爸爸的靠近。问凶之路伴随着天使的治愈旅程，美丽的女孩可会再露灿烂笑容？
                        ",9.3,732649,69.6%,26.4%,3.7%,0.2%,0.1%
No.37,哈尔的移动城堡 ハウルの動く城,宫崎骏,宫崎骏,倍赏千惠子、木村拓哉、美轮明宏、我修院达也、神木隆之介、伊崎充则、大泉洋、大塚明夫、原田大二郎、加藤治子、都筑香弥子,N/A,N/A,N/A,N/A,N/A,N/A,N/A,"
                                　　继母因无力负担生活，将苏菲和她的两个妹妹都送到了制帽店去当学徒。两个妹妹很快先后就离开了制帽店去追寻各自的梦想，只有苏菲坚持了下来。一天，小镇旁边来了一座移动堡垒，传说堡垒的主人哈尔专吸取年青姑娘的灵魂，所以小镇的姑娘都不敢靠近。
                                    
                                　　一个恶毒的巫婆为了报复苏菲与哈尔见面，用巫术把她变成了一个80岁的老太婆，而且苏菲还不能对别人说出自己身中的巫术。无奈，苏菲决定独自一人逃离小镇。天黑了，虚弱的苏菲没走多远，来到了移动城堡。心想自己已经是老太婆了，苏菲壮着胆子走进了城堡。不想，遇到了和她遭遇相同的火焰魔。两人约定彼此帮助对方打破各自的咒语……
                        ",9.1,1183611,63.8%,29.1%,6.4%,0.5%,0.2%
No.38,让子弹飞,姜文,朱苏进、述平、姜文、郭俊立、危笑、李不空、马识途,姜文、葛优、周润发、刘嘉玲、陈坤、张默、姜武、周韵、廖凡、姚橹、邵兵、苗圃、冯小刚、胡军、马珂、白冰、杜奕衡、李静、胡明、危笑、杨奇雨、赵铭,N/A,N/A,N/A,N/A,N/A,N/A,N/A,"
                                　　民国年间，花钱捐得县长的马邦德（葛优 饰）携妻（刘嘉玲 饰）及随从走马上任。途经南国某地，遭劫匪张麻子（姜文 饰）一伙伏击，随从尽死，只夫妻二人侥幸活命。马为保命，谎称自己是县长的汤 师爷。为汤师爷许下的财富所动，张麻子摇身一变化身县长，带着手下赶赴鹅城上任。有道是天高皇帝远，鹅城地处偏僻，一方霸主黄四郎（周润发 饰）只手遮天，全然不将这个新来的县长放在眼里。张麻子痛打了黄的武教头（姜武 饰），黄则设计害死张的义子小六（张默 饰）。原本只想赚钱的马邦德，怎么也想不到竟会被卷入这场土匪和恶霸的角力之中。鹅城上空愁云密布，血雨腥风在所难免……
                                    
                                　　本片根据马识途的小说《夜谭十记》中的《盗官记》一章改编。
                        ",9.0,1808839,60.7%,30.7%,7.7%,0.7%,0.3%
No.39,十二怒汉 12 Angry Men,西德尼·吕美特,雷金纳德·罗斯,亨利·方达、马丁·鲍尔萨姆、约翰·菲德勒、李·科布、E.G.马绍尔、杰克·克卢格曼、爱德华·宾斯、杰克·沃登、约瑟夫·史威尼、埃德·贝格利、乔治·沃斯科维奇、罗伯特·韦伯,N/A,N/A,N/A,N/A,N/A,N/A,N/A,"
                                　　一个在贫民窟长大的18岁少年因为涉嫌杀害自己的父亲被告上法庭，证人言之凿凿，各方面的证据都对他极为不利。十二个不同职业的人组成了这个案件的陪审团，他们要在休息室达成一致的意见，裁定少年是否有罪，如果罪名成立，少年将会被判处死刑。
                                    
                                　　十二个陪审团成员各有不同，除了8号陪审员（H enry Fonda 饰）之外，其他人对这个犯罪事实如此清晰的案子不屑一顾，还没有开始讨论就认定了少年有罪。8号陪审员提出了自己的“合理疑点”，耐心地说服其他的陪审员，在这个过程中，他们每个人不同的人生观也在冲突和较量……
                        ",9.4,535431,76.0%,20.7%,3.0%,0.2%,0.1%
N/A,N/A,N/A,N/A,N/A,N/A,N/A,N/A,N/A,N/A,N/A,N/A,N/A,N/A,0,0,0,0,0,0
No.41,海蒂和爷爷 Heidi,阿兰·葛斯彭纳,约翰娜·斯比丽、佩特拉·比翁迪娜·沃尔普,阿努克·斯特芬、布鲁诺·冈茨、昆林·艾格匹、安娜·申茨、伊莎贝尔·奥特曼、莉莲·奈福、彼得·杰克林、克里斯托夫·高格勒、丽贝卡·因德穆、莫妮卡·古布瑟、阿瑟·比勒、玛丽埃塔·耶米、彼得·洛迈尔、卡塔琳娜·舒特勒、耶拉·哈泽、迈克尔·克兰茨、劳拉·帕克、马库斯·赫林、马克西姆·梅米特、汉娜洛蕾·赫格,N/A,N/A,N/A,N/A,N/A,N/A,N/A,"
                                　　孤儿海蒂（阿努克·斯特芬 饰）被姨母迪蒂（安娜·希恩斯 饰）送上了阿尔卑斯山，与远离小镇独居于高山的祖父（布鲁诺·甘茨 饰）一同生活。活泼的海蒂在这里如鱼得水，不仅收获了羊倌彼得（奎林·阿格里皮 饰）的友情和孤僻祖父的亲情，还与山下彼得的家人打成一片。一天，海蒂同彼得在山上放羊，姨母突然出现，连哄带骗将海蒂卖到法兰克福的泽塞曼家。从此，目不识丁的海蒂成为了小姐克拉拉（伊莎贝尔·奥特曼 饰）的伴读。克拉拉幼年丧母，大病一场再不能站立，只能被困在豪宅中与轮椅相伴。父亲（马克西姆·梅米特 饰）常年在外很少回家，寂寞的克拉拉把海蒂当成了救命稻草。海蒂能适应泽塞曼家的新生活吗？远在天边的祖父和彼得还能再见吗？克拉拉的腿还有好起来的希望吗？
                        ",9.3,697180,69.8%,25.4%,4.4%,0.3%,0.1%
N/A,N/A,N/A,N/A,N/A,N/A,N/A,N/A,N/A,N/A,N/A,N/A,N/A,N/A,0,0,0,0,0,0
N/A,N/A,N/A,N/A,N/A,N/A,N/A,N/A,N/A,N/A,N/A,N/A,N/A,N/A,0,0,0,0,0,0
No.44,天空之城 天空の城ラピュタ,宫崎骏,宫崎骏,田中真弓、横泽启子、初井言荣、寺田农、常田富士男、永井一郎、糸博、鹫尾真知子、神山卓三、安原义人、槐柳二、鳕子,N/A,N/A,N/A,N/A,N/A,N/A,N/A,"
                                　　古老帝国拉普达是一座漂浮在空中的巨大的机器岛，传说那里已经无人居住，蕴藏着巨大的财富。因此，无论军方还是海盗，都在找寻着这座传说中的飞行岛。
                                    
                                　　矿工巴鲁这天偶遇拉普达继承人希达，两人一见如故。因为希达身上有找寻拉普达帝国的重要物件飞行石，军方和海盗两帮人马都在追杀希达。巴鲁带着希达一起逃亡，最终都没有逃出军方的手中，希达被军队掳走了。
                                    
                                　　为救朋友，只能选择与海盗合作。巴鲁与海盗成功救出了希达，同时，他们也发现了军方的邪恶计划。为了阻止军方邪恶计划的实施，他们和海盗一起踏上了寻找拉普达之旅。
                        ",9.2,947181,64.9%,29.4%,5.3%,0.3%,0.1%
No.45,鬼子来了,姜文,姜文、史建全、述平、尤凤伟,姜文、香川照之、袁丁、姜宏波、丛志军、李丛喜、泽田谦也、李海滨、蔡卫东、陈述、陈莲梅、史建全、陈强、宫路佳具、吴大维、梶冈润一、石山雄大、述平、姜武,N/A,N/A,N/A,N/A,N/A,N/A,N/A,"
                                　　第二次世界大战期间，中国河北挂甲台村的农民马大三（姜文饰）在日本人的统治下过着平静的生活。一个晚上，游击队绑架了日军陆军士兵花屋小三郎（香川照之饰）和翻译董汉臣，把他们捆绑塞入麻袋放在马大三家里，并吩咐马好好看管，几天后的大年三十来带人。马大三和村民战战兢兢地看守两人，花屋小三郎和董汉臣数次发出求救信号，皆被村民化解。半年过去了，村民们担心事情暴露，却又不敢把花屋等放了。
                                    
                                　　马大三最终被董汉臣说动，把花屋和董送到了日军宪兵队驻地，以换取粮食。日军宪兵军官酒冢猪吉是花屋的同乡。他表面上对马等人客气，但背后指责花屋让皇军蒙耻并殴打了他。宪兵队整队去马的村子里和村民联欢送粮，酒到酣时却乍露杀机。
                        ",9.3,670056,71.1%,24.1%,4.3%,0.3%,0.2%
No.46,少年派的奇幻漂流 Life of Pi,李安,扬·马特尔、大卫·麦基,苏拉·沙玛、伊尔凡·可汗、拉菲·斯波、阿迪勒·侯赛因、塔布、阿尤什·坦东、加塔姆·贝鲁尔、阿彦·汗、穆德·阿巴斯·卡勒里、维比什·希瓦库玛、热拉尔·德帕迪约、詹姆斯·斋藤、俊·奈托、安德里亚·迪·斯戴法诺、沙拉万提·塞纳特、王柏杰、柯一正、黄健玮,N/A,N/A,N/A,N/A,N/A,N/A,N/A,"
                            
                            
                        ",9.1,1419901,61.7%,31.3%,6.4%,0.4%,0.2%
N/A,N/A,N/A,N/A,N/A,N/A,N/A,N/A,N/A,N/A,N/A,N/A,N/A,N/A,0,0,0,0,0,0
No.48,指环王2：双塔奇兵 The Lord of the Rings: The Two Towers,彼得·杰克逊,弗兰·威尔士、菲利帕·鲍恩斯、斯蒂芬·辛克莱、彼得·杰克逊、J.R.R.托尔金,伊利亚·伍德、西恩·奥斯汀、多米尼克·莫纳汉、奥兰多·布鲁姆、维果·莫腾森、伊恩·麦克莱恩、凯特·布兰切特、比利·博伊德、杰德·布罗菲、丽芙·泰勒、安迪·瑟金斯、米兰达·奥图、雨果·维文、布拉德·道里夫、卡卢姆·吉廷斯、伯纳德·希尔、布鲁斯·霍普金斯、克里斯托弗·李、纳撒尼尔·利斯、罗宾·马尔科姆、约翰·贝西、萨拉·贝克、克雷格·帕克、布鲁斯·菲利普斯、Robert Pollock、约翰·瑞斯-戴维斯、奥利维亚·田內、卡尔·厄本、史蒂芬·乌瑞、大卫·文翰、菲利普·格里夫、肖恩·宾、约翰·诺贝尔、Jarl Benzon、Jørn Benzon、Ben Britton、阿利斯泰尔·布朗宁、Sean Button、Robert Catto、罗德尼·库克、卡尔洛斯·德林克沃特、西奥沙福瓦、本·弗兰舍姆、Jonathan Harding、Lucas Hayward、丹·汉纳、保罗·霍姆斯、杰森·霍德、彼得·杰克逊、Sam Kelly、Sandro Kopp,N/A,N/A,N/A,N/A,N/A,N/A,N/A,"
                            
                            
                        ",9.2,805029,66.8%,27.1%,5.6%,0.4%,0.1%
No.49,大话西游之月光宝盒 西遊記第壹佰零壹回之月光寶盒,刘镇伟,刘镇伟、吴承恩,周星驰、吴孟达、罗家英、蓝洁瑛、莫文蔚、江约诚、陆树铭、刘镇伟、朱茵、李健仁、李宝龙,N/A,N/A,N/A,N/A,N/A,N/A,N/A,"
                                　　孙悟空（周星驰）护送唐三藏（罗家英）去西天取经路上，与牛魔王合谋欲杀害唐三藏，并偷走了月光宝盒，此举使观音萌生将其铲除心思，经唐三藏请求，孙悟空被判五百年后重新投胎做人赎其罪孽。
                                    
                                　　五百年后孙悟空化身强盗头头至尊宝。当遇见预谋吃唐僧肉的妖怪姐妹蜘蛛精春三十娘（蓝洁瑛）和白骨精白晶晶（莫文蔚）时，因为五百年前孙悟空曾与白晶晶有过一段恋情，至尊宝与她一见钟情，但因菩提老祖将二人妖怪身份相告，至尊宝仍带领众强盗开始与二妖展开周旋，过程中，白晶晶为救至尊宝打伤春三十娘，自己也中毒受伤，为了救白晶晶，至尊宝去找春三十娘，遭白晶晶误会，绝望自杀，至尊宝开始用月光宝盒以期使时光倒流。
                        ",9.0,1289271,60.5%,31.4%,7.3%,0.6%,0.2%
No.50,闻香识女人 Scent of a Woman,马丁·布莱斯特,博·古德曼、乔瓦尼·阿尔皮诺,阿尔·帕西诺、克里斯·奥唐纳、詹姆斯·瑞布霍恩、加布里埃尔·安瓦尔、菲利普·塞默·霍夫曼、理查德·文彻、布莱德利·惠特福德、罗谢尔·奥利弗、Margaret Eginton、Tom Riis Farrell、Nicholas Sadler、托德·路易斯、马特·史密斯、吉恩·坎菲尔德、弗兰西丝·康罗伊,N/A,N/A,N/A,N/A,N/A,N/A,N/A,"
                                　　查理（克里斯•奥唐纳 Chris O'Donnell  饰）是一个普通的中学生，他因为见证着一件恶作剧但又不想出卖朋友，于是面临着一道艰难的选择题——要么坦白，要么被学校勒退。而史法兰（阿尔•帕西诺 Al Pacino  饰）是一个退伍军官，因为意外失明，人生从顶点的辉煌滑落谷底。
                                    
                                　　自从两人的人生有了交集，命运的转折慢慢清晰。史法兰打算结束失去了意义的生活，于是在查理的陪伴下，尽情享受着人生最后一趟出行。他吃最美味的佳肴，买光鲜的汽车，在狭窄的街道上飚车，住在豪华的套房里，跟随陌生女子的袅袅香水味，跳一段优雅性感的探戈……极乐的疯狂后，他拿枪对准了自己的头颅。然而，查理声嘶力竭的劝阻改变了一切，曙光亦渐渐在这个老人心中重新升起，二人情深如父子。
                                    
                                　　史法兰在学校礼堂激昂演说，挽救了查理的前途，讽刺了学校的伪善。二人在互相鼓舞中得到重生。
                        ",9.1,955565,63.2%,30.1%,6.1%,0.5%,0.1%
N/A,N/A,N/A,N/A,N/A,N/A,N/A,N/A,N/A,N/A,N/A,N/A,N/A,N/A,0,0,0,0,0,0
N/A,N/A,N/A,N/A,N/A,N/A,N/A,N/A,N/A,N/A,N/A,N/A,N/A,N/A,0,0,0,0,0,0
N/A,N/A,N/A,N/A,N/A,N/A,N/A,N/A,N/A,N/A,N/A,N/A,N/A,N/A,0,0,0,0,0,0
N/A,N/A,N/A,N/A,N/A,N/A,N/A,N/A,N/A,N/A,N/A,N/A,N/A,N/A,0,0,0,0,0,0
No.55,黑客帝国 The Matrix,莉莉·沃卓斯基、拉娜·沃卓斯基,莉莉·沃卓斯基、拉娜·沃卓斯基,基努·里维斯、劳伦斯·菲什伯恩、凯瑞-安·莫斯、雨果·维文、格洛丽亚·福斯特、乔·潘托里亚诺、马库斯·钟、朱利安·阿拉汗加、马特·多兰、贝琳达·麦克洛里、安东尼·雷·帕克、罗伯特·泰勒、阿达·尼科德莫、罗温·维特、塔玛拉·布朗、纳塔莉·特珍、比尔·扬、克里斯·斯科特、纳许·埃哲顿,N/A,N/A,N/A,N/A,N/A,N/A,N/A,"
                                　　不久的将来，网络黑客尼奥（基奴李维斯 饰）对这个看似正常的现实世界产生了怀疑。他结识了黑客崔妮蒂（凯莉·安·摩丝 饰），并见到了黑客组织的首领墨菲斯（劳伦斯·菲什伯恩 饰）。墨菲斯告诉他，现实世界其实是由一个名叫“母体”的计算机人工智能系统控制，人们就像他们饲养的动物，没有自由和思想，而尼奥就是能够拯救人类的救世主。
                                    
                                　　可是，救赎之路从来都不会一帆风顺，到底哪里才是真实的世界？如何才能打败那些超人一样的特勤？尼奥是不是人类的希望？这是黑客的帝国，程序和代码欢迎大家的到来。.
                        ",9.1,891482,63.3%,29.8%,6.3%,0.5%,0.1%
No.56,指环王1：护戒使者 The Lord of the Rings: The Fellowship of the Ring,彼得·杰克逊,弗兰·威尔士、菲利帕·鲍恩斯、彼得·杰克逊、J.R.R.托尔金,伊利亚·伍德、西恩·奥斯汀、伊恩·麦克莱恩、维果·莫腾森、奥兰多·布鲁姆、多米尼克·莫纳汉、比利·博伊德、克里斯托弗·李、马尔顿·索克斯、梅根·爱德华兹、伊安·霍姆、凯特·布兰切特、阿兰·霍华德、马克·弗格森、肖恩·宾、萨拉·贝克、劳伦斯·马克奥雷、安迪·瑟金斯、彼得·麦肯齐、伊恩·穆内、克雷格·帕克、卡梅隆·罗德、约翰·瑞斯-戴维斯、丽芙·泰勒、大卫·韦瑟莱、雨果·维文、菲利普·格里夫、威廉·约翰逊、伊丽莎白·穆迪、布莱恩·瑟金特、杰德·布罗菲、诺曼·凯茨、兰德尔·威廉·库克、萨比恩·克洛森、西奥沙福瓦、本·弗兰舍姆、彼得·杰克逊、艾伦·李,N/A,N/A,N/A,N/A,N/A,N/A,N/A,"
                            
                            
                        ",9.1,903256,63.7%,28.8%,6.8%,0.6%,0.2%
No.57,教父2 The Godfather: Part II,弗朗西斯·福特·科波拉,弗朗西斯·福特·科波拉、马里奥·普佐,阿尔·帕西诺、罗伯特·杜瓦尔、黛安·基顿、罗伯特·德尼罗、约翰·凯泽尔、塔莉娅·夏尔、李·斯特拉斯伯格、迈克尔·V·格佐、G•D•斯普拉德林、理查德·布赖特、加斯通·莫辛、汤姆·罗斯奎、布鲁诺·柯比、弗兰克·西维罗、弗朗西丝卡·德·萨维奥、摩甘娜金、玛丽亚娜·希尔、莱奥波多·特里耶斯泰、多米尼克·查尼斯、Amerigo Tot、特洛伊·多纳休、约翰·阿普雷亚、乔·斯皮内尔、阿贝·维高达、吉亚尼·罗素、Maria Carta、菲伊·斯潘、哈利·戴恩·斯坦通、卡明·卡里迪、丹尼·爱罗、威廉·鲍尔斯、约瑟夫·德拉·索尔特、卡门·阿尔根齐亚诺、乔·罗·格里普、Ezio Flagello、凯瑟琳·贝勒、Saveria Mazzola、Tito Alba、彼得·多纳特、汤姆·达尔格伦、Phil Feldman、罗杰·科曼、伊凡·科尔、艾丽卡·约恩、Teresa Tirelli、詹姆斯·肯恩、Italia Coppola、罗曼·科波拉、索菲亚·科波拉、朱莉·格雷格、George Holmes、Buck Houghton、Shep Houghton、小杉正一、加里·库尔茨、Laura Lyons、理查德·麦瑟森、约翰·梅根纳、Harrison Ressler、Al Roberts、Hank Robinson、Filomena Spagnuolo,N/A,N/A,N/A,N/A,N/A,N/A,N/A,"
                                　　迈克尔（阿尔·帕西诺 饰）是美利坚黑手党科利昂家族的头目。 迈克尔的父亲维托·安多里尼（罗伯特·德尼罗 饰）出生于意大利科利昂镇。1901年，维托的父亲安东尼奥、兄长保罗、母亲（玛丽亚·卡塔 饰）都死于黑手党西乔家族之手。9岁的维托只得漂洋过海逃亡美利坚谋生。入境时，海关官员（理查德·沃森 饰）将其名姓登记为维托·科利昂。 1958年，迈克尔为儿子安东尼（詹姆斯·古纳瑞斯 饰）举办了初领圣体的聚会，不想当晚便遭遇暗杀。迈克尔侥幸躲过一劫，两名杀手却被人灭口。 维托在异国他乡如何生存？他身负的血海深仇能否得报？想要迈克尔性命的是谁？将杀手灭口的又是谁？
                        ",9.3,595118,68.9%,26.1%,4.5%,0.3%,0.1%
No.58,天堂电影院 Nuovo Cinema Paradiso,朱塞佩·托纳多雷,朱塞佩·托纳多雷、瓦娜·波利,菲利普·努瓦雷、萨瓦特利·卡西欧、雅克·贝汉、马克·莱昂纳蒂、莱奥波多·特里耶斯泰、安东内拉·阿蒂利、恩佐·卡拉瓦勒、艾萨·丹尼埃利、里奥·故罗塔、普佩拉·玛奇奥、阿格妮丝·那诺、塔诺·希玛罗萨、尼古拉·迪·平托、罗伯塔·蕾娜、尼诺·戴罗佐、玛丽娜·朱迪切、比阿特丽斯·帕姆、布丽吉特·佛西、朱塞佩·托纳多雷,N/A,N/A,N/A,N/A,N/A,N/A,N/A,"
                            
                            
                        ",9.2,710420,66.2%,27.9%,5.4%,0.4%,0.1%
No.59,狮子王 The Lion King,罗杰·阿勒斯、罗伯·明可夫,艾琳·梅琪、乔纳森·罗伯特 、琳达·伍尔芙顿,乔纳森·泰勒·托马斯、马修·布罗德里克、杰瑞米·艾恩斯、詹姆斯·厄尔·琼斯、莫伊拉·凯利、内森·连恩、尼基塔·卡兰姆、埃林·萨贝拉、乌比·戈德堡、罗温·艾金森,N/A,N/A,N/A,N/A,N/A,N/A,N/A,"
                                　　辛巴是狮子王国的小王子，他的父亲穆法沙是一个威严的国王。然而叔叔刀疤却对穆法沙的王位觊觎已久。
                                    
                                　　要想坐上王位宝座，刀疤必须除去小王子。于是，刀疤利用种种借口让辛巴外出，然后伺机大开杀戒，无奈被穆法沙即时来救。在反复的算计下，穆法沙惨死在刀疤手下，刀疤别有用心的劝辛巴离开，一方面派人将他赶尽杀绝。
                                    
                                　　辛巴逃亡中遇到了机智的丁满和善良的彭彭，他们抚养辛巴长成雄壮的大狮子，鼓励他回去森林复国。在接下来一场复国救民的斗争中，辛巴真正长成一个坚强的男子汉，领会了责任的真谛。
                        ",9.1,903448,61.5%,31.9%,6.2%,0.3%,0.1%
N/A,N/A,N/A,N/A,N/A,N/A,N/A,N/A,N/A,N/A,N/A,N/A,N/A,N/A,0,0,0,0,0,0
No.61,饮食男女 飲食男女,李安,李安、王蕙玲、詹姆斯·夏慕斯,郎雄、杨贵媚、吴倩莲、王渝文、张艾嘉、归亚蕾、赵文瑄、陈昭荣、陈捷文、卢金城、唐语谦、洪其德、王瑞、杜满生、王玨、陈妤、左正芬、许敬民、聂卓晶、丁仲,N/A,N/A,N/A,N/A,N/A,N/A,N/A,"
                                　　台湾中国菜硕果仅存的大师老朱（郎雄）退休后，渐尝老年生活的诸多尴尬：每周日费心做出的一桌丰盛菜肴，并无将三个女儿（杨贵媚、吴倩莲、王渝文）齐齐拉到饭桌的吸引力，已经长大成人的她们，心里藏了许多比陪父亲吃饭更重要的事；多年老友的突然离世，令他在友情这块也有了缺口；而对厨师来讲最重要的味觉的丧失，则将其彻底推到人生的低谷。
                                    
                                　　三个女儿虽各忙各事，却也操心着老朱的晚年生活，计划着为其找个老伴，但她们没料到老朱早已悄无声息地谈起了“黄昏恋”。吃惊过后，老朱最看重的继承了他做菜天赋的二女儿家倩因为自身的生活经历，对父亲、她与父亲的关系有了新的认识，而对老朱来讲更大的惊喜，还在后面。
                        ",9.2,669032,64.2%,30.7%,4.7%,0.3%,0.1%
N/A,N/A,N/A,N/A,N/A,N/A,N/A,N/A,N/A,N/A,N/A,N/A,N/A,N/A,0,0,0,0,0,0
N/A,N/A,N/A,N/A,N/A,N/A,N/A,N/A,N/A,N/A,N/A,N/A,N/A,N/A,0,0,0,0,0,0
No.64,美丽心灵 A Beautiful Mind,朗·霍华德,阿齐瓦·高斯曼、西尔维娅·纳萨尔,罗素·克劳、艾德·哈里斯、詹妮弗·康纳利、克里斯托弗·普卢默、保罗·贝坦尼、亚当·戈德堡、乔什·卢卡斯、安东尼·拉普、贾森·加里-斯坦福德、贾德·赫希、奥斯汀·潘德尔顿、薇薇·卡登尼、吉莉·西蒙、维克多·斯坦巴赫、坦娅·克拉克、罗伊·辛尼斯、谢丽尔·霍华德、兰斯·霍华德、简·詹金斯、乔什·帕斯、瓦伦蒂娜·卡迪纳利、蒂格尔·F·伯格里、迈克尔·埃斯佩尔、艾米·瓦尔兹、小艾德.朱普、卡拉·奥奇格罗索、斯特里奥·萨万特、迈克尔·阿伯特、雷吉·奥斯汀、凯德·比特纳、理查·布莱恩特、丹·陈、乔纳·福尔肯、法布里奇奥·范特、斯科特·费恩斯特罗姆、迈克尔·菲奥里、塞斯·盖贝尔、埃文·哈特、杰森·霍顿、布莱丝·达拉斯·霍华德、朗·霍华德、多里·曼佐尔、罗伯特·迈尔斯、里德·彭尼、米尔斯·彼埃尔、肖恩·里德,N/A,N/A,N/A,N/A,N/A,N/A,N/A,"
                                　　本片是关于20世纪伟大数学家小约翰•福布斯-纳什的人物传记片。
                                    
                                　　小约翰•福布斯-纳什（拉塞尔•克劳）在念研究生时，便发表了著名的博弈理论，该理论虽只有短短26页，却在经济、军事等领域产生了深远的影响。但就在小约翰•福布斯-纳什蜚声国际时，他的出众直觉因为精神分裂症受到困扰，然而这并没阻止他向学术上的最高层进军的步伐，在深爱他的妻子艾丽西亚（珍妮弗•康纳利）的鼓励和帮助下，他走得虽然艰缓，却始终没有停步，而最终，凭借十几年的不懈努力和顽强意志，他如愿以偿。
                        ",9.1,814754,60.1%,33.4%,6.0%,0.4%,0.1%
N/A,N/A,N/A,N/A,N/A,N/A,N/A,N/A,N/A,N/A,N/A,N/A,N/A,N/A,0,0,0,0,0,0
N/A,N/A,N/A,N/A,N/A,N/A,N/A,N/A,N/A,N/A,N/A,N/A,N/A,N/A,0,0,0,0,0,0
No.67,情书 Love Letter,岩井俊二,岩井俊二,中山美穗、丰川悦司、酒井美纪、柏原崇、范文雀、篠原胜之、铃木庆一、田口智朗、加贺麻理子、光石研、铃木兰兰、盐见三省、中村久美、梅田凡乃、长田江身子 、小栗香织、神户浩、酒井敏也、山口诗史、山崎一、德井优、武藤寿美,N/A,N/A,N/A,N/A,N/A,N/A,N/A,"
                                　　日本神户某个飘雪的冬日，渡边博子（中山美穗）在前未婚夫藤井树的两周年祭日上又一次悲痛到不能自已。正因为无法抑制住对已逝恋人的思念，渡边博子在其中学同学录里发现“藤井树” 在小樽市读书时的地址时，依循着寄发了一封本以为是发往天国的情书。
                                    
                                　　不想不久渡边博子竟然收到署名为“藤井树（酒井美纪）”的回信，经过进一步了解，她知晓此藤井树是一个同她年纪相仿的女孩，且还是男友藤井树（柏原崇）少年时代的同班同学。为了多了解一些昔日恋人在中学时代的情况，渡边博子开始与女性藤井树书信往来。而藤井树在不断的回忆中，渐渐发现少年时代与她同名同姓的那个藤井树曾对自己藏了一腔柔情。
                        ",8.9,1203762,56.7%,32.8%,9.2%,0.9%,0.3%
No.68,"两杆大烟枪 Lock, Stock and Two Smoking Barrels",盖·里奇,盖·里奇,杰森·弗莱明、德克斯特·弗莱彻、尼克·莫兰、杰森·斯坦森、斯蒂文·麦金托什、尼古拉斯·罗尔、维尼·琼斯、蓝尼·麦克林、P.H.莫里亚蒂、弗兰克·哈珀、史蒂夫·斯威尼、休吉·里弗、罗尼·福克斯、斯蒂芬·马库斯、瓦斯·布莱克伍德、斯汀、杰克·亚伯拉罕、罗伯·布莱顿、薇拉·黛、阿兰·福德、席德·戈尔德、丹尼·约翰-儒勒、维克多·麦奎尔、安德鲁·蒂曼、马修·沃恩、布拉德·雅各布维茨,N/A,N/A,N/A,N/A,N/A,N/A,N/A,"
                                　　艾迪（尼克·莫伦）思维敏捷，是个玩牌高手。在三个好友的支持下，艾迪携巨资参加了黑社会的高额赌局，不想落入圈套，欠下50万的赌债。为了还清赌债，艾迪和朋友们绞尽脑汁，最终算计到一群毒贩身上，并为打劫购买了两杆老式烟枪。
                                    
                                　　不想这群不安分的毒贩，正惦念着他们毒品供应商的钱，并在同一天实施了打劫。在毒贩们费尽周折，把毒品供应商熨的整整齐齐的钱款拿到手后，艾迪他们幸运的坐享其成。可是他们不知道，这看似简单的抢劫案背后，更有厉害的角色参与其中。他们手里的两杆破烟枪也隐藏着不少故事。
                                    
                                　　在无知与莽撞中置身漩涡的他们能侥幸脱身么？笑料迭出的偶发事件里，穿插着小人物与大人物的辛酸幽默。
                        ",9.1,636447,64.1%,29.2%,5.9%,0.5%,0.2%
N/A,N/A,N/A,N/A,N/A,N/A,N/A,N/A,N/A,N/A,N/A,N/A,N/A,N/A,0,0,0,0,0,0
No.70,看不见的客人 Contratiempo,奥里奥尔·保罗,奥里奥尔·保罗,马里奥·卡萨斯、阿娜·瓦格纳、何塞·科罗纳多、巴巴拉·莱涅、弗兰塞斯克·奥雷利亚、帕科·图斯、大卫·塞尔瓦斯、伊尼戈·加斯特西、圣·耶拉莫斯、马内尔·杜维索、布兰卡·马丁内斯、佩雷·布拉索、霍尔迪·布鲁内特、鲍比·冈萨雷斯、玛蒂娜·乌尔塔多,N/A,N/A,N/A,N/A,N/A,N/A,N/A,"
                                　　艾德里安（马里奥·卡萨斯 Mario Casas 饰）经营着一间科技公司，事业蒸蒸日上，家中有美丽贤惠的妻子和活泼可爱的女儿，事业家庭双丰收的他是旁人羡慕的对象。然而，野心勃勃的艾德里安并未珍惜眼前来之不易的生活，一直以来，他和一位名叫劳拉（芭芭拉·蓝妮 Bárbara Lennie 饰）的女摄影师保持着肉体关系。
                                    
                                　　某日幽会过后，两人驱车离开别墅，却在路上发生了车祸，为了掩盖事件的真相，两人决定将在车祸中死去的青年丹尼尔联同他的车一起沉入湖底。之后，劳拉遇见了一位善良的老人，老人将劳拉坏掉的车拉回家中修理，然而，令劳拉没有想到的是，这位老人，竟然就是丹尼尔的父亲。
                        ",8.8,1360177,48.7%,41.6%,9.1%,0.5%,0.1%
No.71,西西里的美丽传说 Malèna,朱塞佩·托纳多雷,朱塞佩·托纳多雷、卢恰诺·温琴佐尼,莫妮卡·贝鲁奇、朱塞佩·苏尔法罗、Luciano Federico、玛蒂尔德·皮亚纳、Pietro Notarianni、Gaetano Aronica、Gilberto Idonea、Angelo Pellegrino、Gabriella Di Luzio、Pippo Provvidenti、Maria Terranova、Marcello Catalano、埃丽萨·莫鲁奇、Domenico Gennaro、Vitalba Andrea、Giuseppe Pattavina、Franco Catalano、Daniele Arena、Giovanni Litrico、Gianluca Guarrera,N/A,N/A,N/A,N/A,N/A,N/A,N/A,"
                            
                            
                        ",8.9,1038053,55.4%,36.5%,7.4%,0.5%,0.2%
No.72,哈利·波特与死亡圣器(下) Harry Potter and the Deathly Hallows: Part 2,大卫·叶茨,史蒂夫·克洛夫斯、J·K·罗琳,丹尼尔·雷德克里夫、艾玛·沃森、鲁伯特·格林特、海伦娜·伯翰·卡特、拉尔夫·费因斯、艾伦·瑞克曼、玛吉·史密斯、汤姆·费尔顿、邦妮·怀特、朱丽·沃特斯、迈克尔·刚本、伊文娜·林奇、多姆纳尔·格里森、克蕾曼丝·波西、詹森·艾萨克、海伦·麦克洛瑞、马修·刘易斯、梁佩诗、约翰·赫特、大卫·休里斯、加里·奥德曼、吉姆·布劳德本特、艾玛·汤普森、娜塔丽·特纳、蒂莫西·斯波、大卫·布拉德利、罗彼·考特拉尼、凯莉·麦克唐纳、塞伦·希德,N/A,N/A,N/A,N/A,N/A,N/A,N/A,"
                                　　当又一次和伏地魔（拉尔夫·费因斯 Ralph Fiennes 饰）的意识连通，哈利·波特（丹尼尔·雷德克里夫 Daniel Radcliffe 饰）断定最后一件魂器藏在霍格沃茨，于是和罗恩（鲁伯特·格林特 Rupert Grint 饰）、赫敏（艾玛·沃森 Emma Watson 饰）一同返回阴云密布的学校。在好友们的帮助下，他们成功驱逐了斯内普（艾伦·瑞克曼 Alan Rickman 饰），然而觉察到哈利目的的伏地魔则率领徒众向霍格沃茨逼近。食死徒、摄魂怪、巨人疯狂涌入这所有着悠久历史的魔法学校，正邪决战旋即爆发，一时间血雨腥风，死伤无数。从斯内普的眼泪中，哈利不仅了解到父辈的故事，也证实了藏缅于他体内最后的秘密。在此之后，他也和伏地魔迎来了最后的对决……
                                    
                                　　本片根据英国作家J.K.罗琳的同名原著改编，也是“哈利·波特”系列影片的完结篇。
                        ",9.0,895631,59.7%,31.4%,8.1%,0.6%,0.2%
No.73,阿凡达 Avatar,詹姆斯·卡梅隆,詹姆斯·卡梅隆,萨姆·沃辛顿、佐伊·索尔达娜、西格妮·韦弗、史蒂芬·朗、米歇尔·罗德里格兹、吉奥瓦尼·瑞比西、乔·大卫·摩尔 、希·庞德、韦斯·斯塔迪、拉兹·阿隆索、迪利普·劳、马特·杰拉德、肖恩·安东尼·莫兰、杰森·怀特、斯科特·劳伦斯、凯利·基尔戈、詹姆斯·皮特、肖恩·帕特里克·墨菲、彼得·狄龙、凯文·多曼、凯尔森·亨德森、大卫·范·霍恩、雅克布·托毛里、Julene Renee、卢克·霍克、伍迪·舒尔茨、彼得·门萨、伊拉姆·崔、黛布拉·威尔逊、Chris Mala、马修张伯伦、詹姆斯·盖林、拉斯科·阿特金斯、Jørn Benzon、罗恩·贝特曼、Robert Catto、罗德尼·库克、Nicole Dionne、安东尼·英格鲁伯、蒂姆·卡诺、卡米尔·基南、迪恩·诺斯利、Emma Law,N/A,N/A,N/A,N/A,N/A,N/A,N/A,"
                            
                            
                        ",8.8,1496999,54.2%,34.9%,9.9%,0.8%,0.3%
No.74,拯救大兵瑞恩 Saving Private Ryan,史蒂文·斯皮尔伯格,罗伯特·罗达特,汤姆·汉克斯、汤姆·塞兹摩尔、爱德华·伯恩斯、巴里·佩珀、亚当·戈德堡、范·迪塞尔、吉奥瓦尼·瑞比西、杰瑞米·戴维斯、马特·达蒙、特德·丹森、保罗·吉亚玛提、丹尼斯·法里纳、马克斯·马蒂尼、丹兰·布鲁诺、丹尼尔·切尔奎拉、迪米特里·格里特萨斯、史蒂夫·格里芬、彼得·迈尔斯、亚当·肖、罗尔夫·萨克森、克里·约翰逊、洛克兰·艾肯、尚恩·约翰逊、莱尔德·曼辛托斯、安德鲁·斯科特、马修·夏普、文森特·沃尔什、约翰·沙拉恩、马丁·哈伯、罗非洛·迪格托勒、恩里奇·雷德曼、米歇尔·埃文斯、内森·菲利安、利兰·奥瑟、大卫·维格、瑞恩·赫斯特、哈威·普雷斯内尔、代尔·戴、布莱恩·克兰斯顿、大卫·沃尔、埃里克·罗兰、哈里逊·杨、凯思琳·拜荣、约翰·德·兰西、詹姆斯·恩布里、德里克·李、若昂·科斯塔·梅内塞斯、马克·施泰因迈尔,N/A,N/A,N/A,N/A,N/A,N/A,N/A,"
                                　　瑞恩（马特•达蒙 Matt Damon饰 ）是二战期间的美国伞兵，被困在了敌人后方。更不幸的是，他的三个兄弟全部在战争中死亡，如果他也遇难，家中的老母亲将无依无靠。
                                    
                                　　美国作战总指挥部知道了这个情况，毅然决定组织一个小分队前往救援，其中包括米勒上尉（汤姆•汉克斯 Tom Hanks 饰 ）和翻译厄本（杰里米.戴维斯 Jererry Davies饰）。然而，敌方危险重重，他们一路上随时与死亡打交道。他们非常怀疑，到底值不值得冒着八个人的生命危险，去搭救一个人。
                                    
                                　　大家一路辗转寻找瑞恩，对于这次搭救行动，有人不满，有人热忱，有人好奇。大家一次次闻到死神的气息，瑞恩的获救付出了沉重的代价。
                        ",9.1,686635,60.4%,32.8%,6.2%,0.4%,0.2%
N/A,N/A,N/A,N/A,N/A,N/A,N/A,N/A,N/A,N/A,N/A,N/A,N/A,N/A,0,0,0,0,0,0
N/A,N/A,N/A,N/A,N/A,N/A,N/A,N/A,N/A,N/A,N/A,N/A,N/A,N/A,0,0,0,0,0,0
No.152,花样年华 花樣年華,王家卫,王家卫,梁朝伟、张曼玉、潘迪华、萧炳林、张耀扬、孙佳君、钱似莺、顾锦华,N/A,N/A,N/A,N/A,N/A,N/A,N/A,"
                                　　1960年代的香港，报馆编辑周慕云（梁朝伟 饰）与太太搬进一间住户多是上海人的公寓，和某家日资公司的贸易代表陈先生与太太苏丽珍（张曼玉 饰）成了邻居。因为发现各自在外工作的配偶背着他们有了婚外情，周慕云和苏丽珍开始见面商讨未来可能发生的事情以及相应对策。
                                    
                                　　起初两人是君子之交淡如水就事谈事，可是日子一日接一日过去后，在周围一帮上海邻居的闲言碎语中，他们发现配偶的事早空出了他们的脑袋，彼此眼里只剩下了对方，而刻意回避已生出的感情的结果，是更加刻骨的相思。
                        ",8.8,660271,49.3%,40.4%,9.5%,0.7%,0.2%
No.153,头号玩家 Ready Player One,史蒂文·斯皮尔伯格,塞克·潘、恩斯特·克莱恩,泰伊·谢里丹、奥利维亚·库克、本·门德尔森、马克·里朗斯、丽娜·维特、森崎温、赵家正、西蒙·佩吉、T·J·米勒、汉娜·乔恩-卡门、拉尔夫·伊内森、苏珊·林奇、克莱尔·希金斯、劳伦斯·斯佩尔曼、佩蒂塔·维克斯、艾萨克·安德鲁斯,N/A,N/A,N/A,N/A,N/A,N/A,N/A,"
                                　　故事发生在2045年，虚拟现实技术已经渗透到了人类生活的每一个角落。詹姆斯哈利迪（马克·里朗斯 Mark Rylance 饰）一手建造了名为“绿洲”的虚拟现实游戏世界，临终前，他宣布自己在游戏中设置了一个彩蛋，找到这枚彩蛋的人即可成为绿洲的继承人。要找到这枚彩蛋，必须先获得三把钥匙，而寻找钥匙的线索就隐藏在詹姆斯的过往之中。
                                    
                                　　韦德（泰尔·谢里丹 Tye Sheridan 饰）、艾奇（丽娜·维特 Lena Waithe 饰）、大东（森崎温 饰）和修（赵家正 饰）是游戏中的好友，和之后遇见的阿尔忒弥斯（奥利维亚·库克 Olivia Cooke 饰）一起，五人踏上了寻找彩蛋的征程。他们所要对抗的，是名为诺兰索伦托（本·门德尔森 Ben Mendelsohn 饰）的大资本家。
                        ",8.6,1441676,48.2%,38.0%,12.1%,1.3%,0.4%
N/A,N/A,N/A,N/A,N/A,N/A,N/A,N/A,N/A,N/A,N/A,N/A,N/A,N/A,0,0,0,0,0,0
N/A,N/A,N/A,N/A,N/A,N/A,N/A,N/A,N/A,N/A,N/A,N/A,N/A,N/A,0,0,0,0,0,0
No.156,七武士 七人の侍,黑泽明,黑泽明、桥本忍、小国英雄,三船敏郎、志村乔、津岛惠子、岛崎雪子、藤原釜足、加东大介、木村功、千秋实、宫口精二、小杉义男、左卜全、稻叶义男、土屋嘉男、高堂国典、东野英治郎、上田吉二郎、多多良纯、渡边笃、小川虎之助、山形勋、上山草人、清水元、高木新平、大友伸、高原骏雄、稻垣三郎、堺左千夫、千石规子、本间文子、大久保正信、伊藤实、大村千吉、广濑正一、宇野晃司、谷晃、中岛春雄、清水美恵、熊谷卓三、夏木顺平、岩本弘司、堤康久、马野都留子、森今日子、加藤武、仲代达矢、宇津井健、山本廉,N/A,N/A,N/A,N/A,N/A,N/A,N/A,"
                                　　日本战国时代，一小山村面临着山贼的威胁，为了保护秋天的收成，村中长老决定让去请武士来保护村子安全，但只能拿出的报酬是一天三顿的白米饭。在城里，他们遭到了武士白眼甚至被打。直到勘兵卫（志村乔饰）的出现，他现今已沦为浪人，几经考虑最后答应了。他对农民说至少需要七名武士，于是久藏（宫口精二饰）、胜四郎（木村功饰）、五郎（稻叶义男饰）、七郎（加东大介饰）、平八（千秋实饰）和菊千代（三船敏郎饰）等六人也加入了队伍，七个人肩负保卫村子的任务。
                                    
                                　　整个防御准备的过程中，武士与农民间发生许多摩擦也闹出不少笑话。而在一次偷袭行动中，有武士为救农民被火枪打死，很快山贼的反扑随之而来，一场恶战即将开始。
                        ",9.3,214652,71.3%,23.5%,4.5%,0.4%,0.3%
No.157,惊魂记 Psycho,阿尔弗雷德·希区柯克,约瑟夫·斯蒂凡诺、罗伯特·布洛克,安东尼·博金斯、维拉·迈尔斯、约翰·加文、珍妮特·利、马丁·鲍尔萨姆、约翰·麦克因泰、西蒙·奥克兰、弗兰克·艾伯森、帕特里夏·希区柯克、沃恩·泰勒、卢伦·塔特尔、约翰·安德森、莫特·米尔斯、吉特·卡森、维吉尼亚·格雷格、阿尔弗雷德·希区柯克、珍妮特·诺兰、罗伯特·奥斯本、海伦·华莱士、Fletcher Allen、沃尔特·培根、弗朗西斯·德塞尔斯、乔治·多克斯塔德、乔治·埃尔德雷奇、哈珀·弗莱厄蒂、萨姆·弗林特、弗兰克·基尔蒙德、泰德·奈特、帕特·麦卡弗里、汉斯-乔基姆·默比斯、弗雷德·谢威勒,N/A,N/A,N/A,N/A,N/A,N/A,N/A,"
                            
                            
                        ",9.0,327097,59.1%,34.2%,6.1%,0.4%,0.2%
No.158,我是山姆 I Am Sam,杰茜·尼尔森,杰茜·尼尔森、克里斯汀·约翰逊,西恩·潘、达科塔·范宁、米歇尔·菲佛、黛安·韦斯特、洛雷塔·迪瓦恩、理查德·希夫、劳拉·邓恩,N/A,N/A,N/A,N/A,N/A,N/A,N/A,"
                                　　在星巴克工作的山姆（西恩•潘 Sean Penn 饰），虽已成人，但智力水平只有7岁。一次偶然，他收留了一个流浪女。该女子帮山姆生下了一个女儿后消失得无影无踪。
                                    
                                　　他给女儿取名叫露西（达科塔•范宁 Dakota Fanning 饰），因为他最喜欢甲壳虫乐队的《天空中戴钻石 的露西》。他非常疼爱自己的孩子。露西在山姆的细心呵护下慢慢地长大了，她发现爸爸不能看懂稍微复杂一些的故事。她在拒绝长大，希望和爸爸一样。父女俩的生活是那么幸福。
                                    
                                　　地区的教育官员发现了这个特殊的家庭，他们认为山姆没有能力照顾露西，于是把露西带走了。
                                    
                                　　伤心极了的山姆一心要挣回露西的抚养权，于是他自以为是的去找该地区最好的律师……
                        ",9.0,358244,57.6%,34.6%,7.1%,0.5%,0.2%
No.159,血战钢锯岭 Hacksaw Ridge,梅尔·吉布森,安德鲁·奈特、罗伯特·申坎,安德鲁·加菲尔德、萨姆·沃辛顿、文斯·沃恩、雨果·维文、卢克·布雷西、泰莉莎·帕尔墨、瑞切尔·格里菲斯、内森奈尔·布佐里克、理查德·劳斯伯格、马特·纳夫莱、费拉斯·迪拉尼、瑞安·柯尔、卢克·佩格勒,N/A,N/A,N/A,N/A,N/A,N/A,N/A,"
                                　　1945年，第二次世界大战接近尾声，作为邪恶轴心重要成员的日本，其嚣张态势已成强弩之末。是年，决定战局走向的冲绳岛战役拉开序幕，成千上万斗志昂扬的美国大兵被派往冲绳，等待他们的则是敌军重兵防守、凶险异常的钢锯岭。在这群人中间，却有一个不愿拿起武器的军医。他名叫戴斯蒙德·道斯（安德鲁·加菲尔德 Andrew Garfield 饰），来自美国的弗吉尼亚。太平洋爆发之际，瘦弱的戴斯蒙德志愿成为救死扶伤的军医而应征入伍。可因童年和家庭的原因，他始终不愿拿起枪支操练，为此宁愿背上拒服兵役的罪名被送上军事法庭。几经周折，戴斯蒙德最终和战友来到了钢锯岭。枪林弹雨，转瞬之间无数人应声倒地。在信仰和信念的支持下，戴斯蒙德仅凭一己之力拯救了数十条濒死的生命……
                                    
                                　　本片根据真人真事改编。
                        ",8.7,821282,46.5%,41.6%,10.8%,0.9%,0.2%
No.160,阳光姐妹淘 써니,姜炯哲,姜炯哲、李炳宪,沈恩敬、闵孝琳、姜素拉、南宝拉、陈熙琼、金时厚、柳好贞、朴真珠、李妍京、金甫美、千玗嬉、李璟荣,N/A,N/A,N/A,N/A,N/A,N/A,N/A,"
                                　　25年前，高中生任娜美（沈恩京 饰）一家从全罗道搬到汉城，娜美入读真德女子高中，因方言浓重怯于开口的娜美幸运的得到了同班大姐头夏春花（姜索拉 饰）的维护，并与围绕在夏春花周围的执着于双眼皮的金玫瑰、满嘴脏话的黄珍熙、梦想成为作家的徐金玉、要成为韩国小姐的俞福姬以及沉默傲慢的美人郑秀智等五人结识。在一次和不良少女团对决之后，春花和娜美等七人组成了“Sunny”团体……
                                    
                                　　多年以后，家庭主妇娜美在去医院探望母亲时偶然重逢了身患绝症住院的春花，后者希望在生命的最后两个月内，能够再见当年的Sunny成员。娜美找到金玫瑰，两人委托私家侦探寻找当年的同伴，而那些关于青春的回忆，也在一个个熟悉的名姓后面再次被唤醒。
                        ",8.8,613514,51.2%,38.0%,9.7%,0.8%,0.2%
No.161,恐怖直播 더 테러 라이브,金秉祐,金秉祐,河正宇、李璟荣、全慧珍、李大卫、金弘波、崔正贤、崔代勋、姜信哲、韩成天、孙成灿、金素辰、金大明、金海仁,N/A,N/A,N/A,N/A,N/A,N/A,N/A,"
                                　　韩国首尔某个平凡的早上，广播电台Daily Topic节目的主持人尹英华（河正宇 饰）正就税率改革与听众进行连线，这时一个自称住在首尔昌信洞的普通工人朴鲁圭打入电话，大肆抱怨超高的电费和相关部门对他的威胁。尹英华颇不耐烦，以偏离主题为由强行切断电话。谁知连线无法单方面由电台方面中断，愤怒的朴鲁圭继续抱怨，并扬言炸掉汉江大桥。尹英华不以为然，进而怂恿对方想做就做，谁知话音刚落，窗外的麻浦大桥便炸作废墟。大惊失色的尹英华很快冷静下来，他决定利用这次难得的机会打一次事业的翻身仗。
                                    
                                　　在他的主持下，针对恐怖分子的连线直播就此展开，无关良知的节目拉开帷幕……
                        ",8.7,693864,47.8%,41.5%,9.8%,0.7%,0.2%
N/A,N/A,N/A,N/A,N/A,N/A,N/A,N/A,N/A,N/A,N/A,N/A,N/A,N/A,0,0,0,0,0,0
No.163,黑客帝国3：矩阵革命 The Matrix Revolutions,拉娜·沃卓斯基、莉莉·沃卓斯基,莉莉·沃卓斯基、拉娜·沃卓斯基,基努·里维斯、劳伦斯·菲什伯恩、凯瑞-安·莫斯、雨果·维文、贾达·萍克特·史密斯、凯特·宾汉、玛丽·爱丽丝、莫妮卡·贝鲁奇、埃茜·戴维斯、克里斯托弗·卡比、罗伯特·马莫内、罗宾·奈文、吉娜薇·欧瑞丽、诺娜·加耶、纳撒尼尔·利斯、哈里·列尼斯、哈罗德·佩里诺、鲁伯特·雷德、凯文·迈克尔·理查德森、大卫·罗伯茨、布鲁斯·斯宾斯、吉娜·托瑞斯、克莱顿·华生、赫尔穆特·巴凯蒂斯、邹兆龙、乔·曼宁、Tanveer K. Atwal、拉黑·休姆、康奈尔·韦斯特、伯纳德·怀特、朗贝尔·维尔森、安东尼·布兰登·黄、安东尼·泽比、克雷格·沃克,N/A,N/A,N/A,N/A,N/A,N/A,N/A,"
                            
                            
                        ",8.8,472780,54.1%,35.2%,9.7%,0.8%,0.2%
No.164,"三块广告牌 Three Billboards Outside Ebbing, Missouri",马丁·麦克唐纳,马丁·麦克唐纳,弗兰西斯·麦克多蒙德、伍迪·哈里森、山姆·洛克威尔、艾比·考尼什、卢卡斯·赫奇斯、彼特·丁拉基、约翰·浩克斯、卡莱伯·兰德里·琼斯、凯瑟琳·纽顿、凯瑞·康顿、泽利科·伊万内克、萨玛拉·维文、克拉克·彼得斯、尼克·瑟西、阿曼达·沃伦、玛拉雅·瑞沃拉·德鲁、布兰登·萨克斯顿、迈克尔·艾伦·米利甘,N/A,N/A,N/A,N/A,N/A,N/A,N/A,"
                                　　米尔德雷德（弗兰西斯·麦克多蒙德 Frances McDormand 饰）的女儿在外出时惨遭奸杀，米尔德雷德和丈夫查理（约翰·哈克斯 John Hawkes 饰）之间的婚姻因此走到了尽头，如今，她同儿子罗比（卢卡斯·赫奇斯 Lucas Hedges饰）过着相依为命的生活。一晃眼几个月过去了，案件仍然没有告破预兆，而警方似乎早已经将注意力从案子上转移了开来。
                                    
                                　　被绝望和痛苦缠绕的米尔德雷德租下了高速公路边上的三块巨型广告牌，在上面控诉警方办案无能，并将矛头直接对准了警察局局长威洛比（伍迪·哈里森 Woody Harrelson 饰）。实际上，威洛比一直隐瞒着自己身患绝症命不久矣的事实。因为这三块广告牌，米尔德雷德和威洛比的生活发生了翻天覆地的变化。
                        ",8.7,872966,46.8%,43.4%,8.9%,0.7%,0.2%
N/A,N/A,N/A,N/A,N/A,N/A,N/A,N/A,N/A,N/A,N/A,N/A,N/A,N/A,0,0,0,0,0,0
N/A,N/A,N/A,N/A,N/A,N/A,N/A,N/A,N/A,N/A,N/A,N/A,N/A,N/A,0,0,0,0,0,0
No.167,达拉斯买家俱乐部 Dallas Buyers Club,让-马克·瓦雷,克莱格·鲍登、梅丽莎·沃雷克,马修·麦康纳、詹妮弗·加纳、杰瑞德·莱托、斯蒂夫·扎恩、达拉斯·罗伯特斯、凯文·兰金、丹尼斯·欧哈拉、简·麦克尼尔、格里芬·邓恩、詹姆斯·杜蒙特、朱丽叶·里夫斯、斯蒂菲·格罗特、J·D·埃弗摩尔,N/A,N/A,N/A,N/A,N/A,N/A,N/A,"
                            
                            
                        ",8.8,481082,50.3%,41.8%,7.4%,0.4%,0.1%
No.168,小丑 Joker,托德·菲利普斯,托德·菲利普斯、斯科特·西尔弗,华金·菲尼克斯、罗伯特·德尼罗、马克·马龙、莎姬·贝兹、谢伊·惠格姆、弗兰西丝·康罗伊、布莱恩·考伦、布莱恩·泰里·亨利、布莱特·卡伦、道格拉斯·霍奇斯、格伦·弗莱舍尔、比尔·坎普、乔什·帕斯、但丁·佩雷拉-奥尔森、玛丽·凯特·马拉特、迈克尔·本茨、莎珑·华盛顿、桑德拉·詹姆斯、托尼·赫德、曼德拉·贝拉米、乔·奥克曼、卡尔·伦德施泰特、米克·奥罗克、大卫·吉布森、伊万·罗萨多、安妮·比萨比亚、布莱斯·科里根、乔恩·道格拉斯·雷尼、艾恩斯利·丹恩、杰森·约翰·奇卡莱塞,N/A,N/A,N/A,N/A,N/A,N/A,N/A,"
                                　　湿冷无望的哥谭市，卑微的亚瑟·弗兰克（华金·菲尼克斯 Joaquin Phoenix 饰）依靠扮演小丑赚取营生。与之相依为命的母亲患有精神疾病，而亚瑟深记母亲的教诲，无论遭受怎样的挫折都笑对人生，却因此让自己背负着莫大的压力，濒临崩溃。他梦想成为一名脱口秀演员，怎奈生活一次次将失望狠狠地砸在他的头上。不仅如此，他因意外丢掉了工作，偶然瞥见母亲的秘密，又使他心中燃起对那个与之地位悬殊却从未谋面的父亲的殷切渴望。命运习惯了事与愿违，空荡荡的地铁内，悲伤的小丑在无法自已的癫狂笑声中大开杀戒……
                                    
                                　　本片荣获第76届威尼斯电影节金狮奖。
                        ",8.7,1076411,51.0%,37.3%,10.0%,1.1%,0.6%
No.169,疯狂原始人 The Croods,柯克·德·米科、克里斯·桑德斯,克里斯·桑德斯、柯克·德·米科、约翰·克里斯,尼古拉斯·凯奇、艾玛·斯通、瑞安·雷诺兹、凯瑟琳·基纳、克萝丽丝·利奇曼、克拉克·杜克、克里斯·桑德斯、兰迪·汤姆,N/A,N/A,N/A,N/A,N/A,N/A,N/A,"
                            
                            
                        ",8.7,882096,46.6%,41.4%,11.2%,0.6%,0.1%
No.170,谍影重重3 The Bourne Ultimatum,保罗·格林格拉斯,托尼·吉尔罗伊、斯科特·Z·本恩斯、乔治·诺非、罗伯特·陆德伦,马特·达蒙、朱丽娅·斯蒂尔斯、大卫·斯特雷泽恩、斯科特·格伦、帕迪·康斯戴恩、埃德加·拉米雷兹、阿尔伯特·芬尼、琼·艾伦、Tom Gallop、克里·约翰逊、丹尼尔·布鲁赫、乔伊·安沙、科林·斯廷顿、丹·弗雷登堡、Lucy Liemann,N/A,N/A,N/A,N/A,N/A,N/A,N/A,"
                                　　失去了心爱的女人，波恩（马特•戴蒙 饰）面临更为艰难的日子，他努力回忆，却只能在睡梦中被脑海里一知半解的闪回所惊醒，依然无法记起自己的身份。
                                    
                                　　但是波恩注定不是平凡人，不等他冷静下来好好“寻找回”自己真正的身份，中情局派出的杀手又接踵而至。在接连的几次较量之后，杰森•伯恩终于被彻底激怒，决定反戈一击——他主动追击杀手，到过莫斯科、马德里。巴黎，也在伦敦和丹吉尔做过停留。
                                    
                                　　随着问题一个一个解决，杰森回到了纽约，在那里，他将会找到一切的答案，寻回自己的身份。
                        ",8.8,444330,52.5%,38.0%,8.8%,0.5%,0.1%
N/A,N/A,N/A,N/A,N/A,N/A,N/A,N/A,N/A,N/A,N/A,N/A,N/A,N/A,0,0,0,0,0,0
No.172,背靠背，脸对脸,黄建新、杨亚洲,黄建新、孙毅安、刘醒龙,牛振华、雷恪生、李强、句号、王劲松、戈治均、佘南南、张嘉益、刘国祥、徐学政、林海海、温谦、马载军、吴玮玲、张艺、韩炳杰、杨亚洲,N/A,N/A,N/A,N/A,N/A,N/A,N/A,"
                                　　王双立（牛振华 饰）是某地文化馆的代馆长，这个馆长一代就是好几年，想升也升不上去，却也没有其他变动。不料一天，来了新的文化馆长老马（雷恪生 饰），这让王双立离正馆长的距离更远了。新馆长老马原是个副乡长，王双立认为他是个土包子，心里很是不以为然，利用自己对文化馆人际关系熟 悉的优势，想方设法给老马出难题。经过几轮较量，老马终于被挤走，王双立又成了代馆长，再次受领导重用，岂料，螳螂捕蝉黄雀在后，秘书小阎（李强 饰）成了新一任馆长。王双立不甘心，再次和小阎斗法，想将对方挤走，这次王双立还能如愿与偿吗？
                                    
                                　　电影《背靠背，脸对脸》获得第二届大学生电影节最佳故事片和最佳男主角奖、东京国际电影节最佳男主角奖、第15届金鸡奖最佳导演和最佳合作片奖、第14届香港电影金像奖十大华语片。
                        ",9.5,156984,75.9%,21.6%,2.2%,0.2%,0.1%
No.173,上帝之城 Cidade de Deus,费尔南多·梅里尔斯、卡迪亚·兰德,保罗·林斯、布罗里欧·曼托伐尼,亚历桑德雷·罗德里格斯、莱安德鲁·菲尔米诺、菲利佩·哈根森、道格拉斯·席尔瓦、乔纳森·哈根森、马修斯·纳克加勒、塞乌·乔奇、艾莉丝·布拉加,N/A,N/A,N/A,N/A,N/A,N/A,N/A,"
                            
                            
                        ",9.0,318044,58.3%,34.1%,6.9%,0.5%,0.2%
No.174,绿里奇迹 The Green Mile,弗兰克·德拉邦特,弗兰克·德拉邦特,汤姆·汉克斯、大卫·摩斯、迈克·克拉克·邓肯、邦妮·亨特、詹姆斯·克伦威尔、迈克尔·杰特、格雷厄姆·格林、道格·休切逊、山姆·洛克威尔、巴里·佩珀、杰弗里·德曼、派翠西娅·克拉克森、哈利·戴恩·斯坦通、戴布思·格里尔、伊芙·布伦特,N/A,N/A,N/A,N/A,N/A,N/A,N/A,"
                                　　狱监保罗（汤姆•汉克斯 Tom Hanks 饰）这天迎来了一位不平凡的杀人犯――约翰•考夫利（迈克•克拉克•邓肯 Michael Clarke Duncan 饰）。约翰因杀了两名幼女被判死刑来到了这座著名的冷山监狱，监狱里有一片称为“绿里”的绿地，绿地那头就是刑场。
                                    
                                　　约翰不仅不像想象中的凶残，相反，他出奇的温厚、机智。约翰的到来给狱中的各人带来了天翻地覆的变化：为老囚犯特里沃的小老鼠注入了生命的强度，给特里沃最后的人生带来最后的慰籍；神奇的拯救了被病痛折磨的保罗和马琳达；将金保斯从死神手中拉了回来……保罗这些天也从约翰身上看到了人生的真谛。
                                    
                                　　约翰行刑的那天终于到了。
                        ",8.9,361398,56.6%,34.1%,8.3%,0.7%,0.3%
N/A,N/A,N/A,N/A,N/A,N/A,N/A,N/A,N/A,N/A,N/A,N/A,N/A,N/A,0,0,0,0,0,0
No.201,东邪西毒 東邪西毒,王家卫,王家卫、金庸,张国荣、林青霞、梁朝伟、张学友、张曼玉、刘嘉玲、梁家辉、杨采妮、邹兆龙,N/A,N/A,N/A,N/A,N/A,N/A,N/A,"
                                　　在恋人（张曼玉）负气嫁给兄长的当晚，欧阳锋（张国荣）黯然离开白陀山，走进沙漠某个小镇，成为一名杀手中介人。他的朋友、风流剑客黄药师（梁家辉）每年都来小镇与他畅饮，酒话里有关白陀山的消息令他忘却往事的念想渐次演变成自欺行为。
                                    
                                　　黄药师只是表面风流。他迷恋好友“盲武士”（梁朝伟）的妻子桃花（刘嘉玲），后者在丈夫死后，永远地离开了他；而对迷恋他的女人慕容嫣（林青霞），他又不愿兑现曾经随口说出的承诺，这使得慕容嫣迷失于自己的身份中。与欧阳锋构成短暂“买凶杀人”关系的洪七（张学友）、村姑（杨采妮）等人，也都有一段只有他们自己才知、不愿回首的痛苦过往。
                        ",8.6,606151,48.0%,38.3%,11.9%,1.3%,0.5%
No.202,你看起来好像很好吃 おまえうまそうだな,藤森雅也,村上修、神野博明、宫西达也,山口胜平、爱河里花子、加藤清史郎、原田知世、川岛得爱、折笠富美子、桐本拓哉、别所哲也、矢田稔、川村万梨阿、高乃丽、小室正幸、江川央生、志村知幸、胜沼纪义、井田国男、宫西达也、宫西美奈子,N/A,N/A,N/A,N/A,N/A,N/A,N/A,"
                                　　哈特（山口胜平 饰）是一只被草食性恐龙养大的霸王龙。其实，早在它破壳而出时，草食性恐龙的首领就曾命令哈特的母亲（原田知世 饰）抛弃它，但母亲却最终还是偷偷把它养大。随着年龄的增长，每天只吃野果的哈特每天饥饿难耐，最终还是抵不住本能的驱使，开始了自己食肉的残暴生涯。然而，由于母亲的影响，在哈特的内心深处，始终涌动着一颗善良的心灵。一天，偶尔遇到一只破壳而出的食草恐龙宝宝，哈特阴差阳错的被恐龙宝宝误认为是“爸爸”，而且为小恐龙取名为“很美味”，自此开始了又一段奇异的恐龙父子情。然而，伴随着生存环境的恶化，恐龙们的生存遭受着前所未有的破坏，哈特和它的亲人最终能否经得起考验……
                                    
                                　　本篇由日本知名漫画家宫西达也的同名漫画改编，本书曾获剑渊绘本乡绘本奖大奖。
                        ",8.9,353794,55.1%,35.2%,8.9%,0.6%,0.2%
No.203,源代码 Source Code,邓肯·琼斯,本·雷普利,杰克·吉伦哈尔、维拉·法米加、米歇尔·莫纳汉、杰弗里·怀特、拉塞尔·皮特斯、詹姆斯·A·伍兹、迈克尔·阿登、乔·柯布登 、卡斯·安瓦尔,N/A,N/A,N/A,N/A,N/A,N/A,N/A,"
                            
                            
                        ",8.5,881755,40.5%,47.3%,11.5%,0.6%,0.1%
No.204,可可西里,陆川,陆川,多布杰、张垒、奇道、赵雪莹、马占林、赵一穗,N/A,N/A,N/A,N/A,N/A,N/A,N/A,"
                                　　尕玉（张磊 饰）本来是个警察，为了调查藏羚羊猎杀状况，他假扮记者身份，随考察团来到可可西里——那里气候寒冷、空气稀薄，含氧量极低。就在这个人类生存的“禁区”，尕玉目睹了一幕幕人性的贪婪以及人类与环境的狂暴冲突。首先是藏羚羊保护站的巡山队员被盗猎人枪杀，接下来他们见到了悲惨的一幕：盗猎者逃走，只留下众多只剩嶙峋白骨的藏羚羊。巡山队员在恶劣的环境中追捕凶手，最终只夺回了一部份的藏羚羊皮毛。一方面要与恶劣的自然环境抗争、另一方面还要与凶残的盗猎者周旋，巡山队员和尕玉面临着生死考验。
                        ",8.9,325096,53.9%,37.5%,7.9%,0.5%,0.2%
No.205,疯狂的麦克斯4：狂暴之路 Mad Max: Fury Road,乔治·米勒,乔治·米勒、布伦丹·麦卡锡、尼克·拉图里,汤姆·哈迪、查理兹·塞隆、尼古拉斯·霍尔特、休·基斯-拜恩、乔什·赫尔曼、内森·琼斯、佐伊·克罗维兹、罗茜·汉丁顿-惠特莉、丽莉·吉欧、阿比·丽、考特尼·伊顿、安格斯·桑普森、理查德·卡特、梅根·盖尔、肖恩·哈普,N/A,N/A,N/A,N/A,N/A,N/A,N/A,"
                                　　未来世界，水资源短缺引发了连绵的战争。人们相互厮杀，争夺有限的资源，地球变成了血腥十足的杀戮死战场。面容恐怖的不死乔在戈壁山谷建立了难以撼动的强大武装王国，他手下的战郎驾驶装备尖端武器的战车四下抢掠，杀伐无度，甚至将自己的孩子打造成战争机器。在最近一次行动中，不死乔的得力战将弗瑞奥萨（查理兹·塞隆 Charlize Theron 饰）带着生育者们叛逃，这令不死乔恼羞成怒，发誓要追回生育者。经历了激烈的追逐战和摧毁力极强的沙尘暴，弗瑞奥萨和作为血主的麦克斯（汤姆·哈迪 Tom Hardy 饰）被迫上路，而身后不仅有不死乔的追兵，还有汽油镇、子弹农场的重兵追逐。
                                    
                                　　末世战争，全面爆发……
                        ",8.7,583811,49.8%,37.1%,11.3%,1.4%,0.5%
No.206,高山下的花环,谢晋,李存葆、李凖,吕晓禾、唐国强、何伟、童超、盖克、王玉梅、刘燕生、斯琴高娃、倪大红、何毅、石磊、贾雨岚、李丹军、管宗祥、李振平、胡宗琪、洪军,N/A,N/A,N/A,N/A,N/A,N/A,N/A,"
                                　　驻扎在四川广元的九连长梁三喜（吕晓禾 饰）为了从军政治部调来的指导员赵蒙生（唐国强 饰）推迟了探亲假，可出身高干家庭吃不了苦的蒙生打算只干几个月就走。1979年，赵母吴爽（刘燕生 饰）得知蒙生部队将要赴越作战，加紧督办调动之事。耿直的炮排长靳开来（何伟 饰）听说后火冒三丈，扬言要自费上北京告状。部队开赴云南边境，吴爽孤注一掷请求军长雷震（童超 饰）将蒙生调回后方……
                        ",9.5,123689,79.8%,16.7%,3.0%,0.3%,0.2%
No.207,城市之光 City Lights,查理·卓别林,查理·卓别林、Harry Clive、哈里·克罗克,查理·卓别林、弗吉尼亚·切瑞尔、佛罗伦斯·李、亨利·伯格曼、珍·哈露,N/A,N/A,N/A,N/A,N/A,N/A,N/A,"
                                　　他是一个流浪汉（查理·卓别林 Charles Chaplin 饰），身无分文，遇上了双目失明的卖花女，却不忍袖手旁观。他想尽办法去凑够费用，供卖花女治病。一天，他搭救了一个富翁，富翁当晚和他称兄道弟，第二天却翻脸不认人。本来打算向他求助的主意行不通了。流浪汉去参加拳击比 赛，以图获得奖金，却输得一败涂地。谁知这时重遇富翁，二人不计前嫌，富翁答应出钱资助卖花女。在交给流浪汉1000元后，富翁遭到偷袭，身上剩下的钱被强盗抢走。流浪汉奋不顾身去追赶，却因为误会被警察押回警局坐牢。另一方面，卖花女凭借流浪汉的资助重获光明，开了一家体面的花店。
                        ",9.3,159676,70.7%,25.0%,3.9%,0.3%,0.1%
No.208,海边的曼彻斯特 Manchester by the Sea,肯尼思·洛纳根,肯尼思·洛纳根,卡西·阿弗莱克、卢卡斯·赫奇斯、米歇尔·威廉姆斯、C·J·威尔逊、凯尔·钱德勒、卡拉·海沃德、格瑞辰·摩尔、泰特·多诺万、埃里卡·麦克德莫特、希瑟·伯恩斯、蜜西·雅格、斯蒂芬·亨德森、本·汉森、玛丽·梅伦、安东尼·埃斯特拉、苏珊·波尔法、罗伯特·塞拉、卡罗琳·皮克曼、约什·汉密尔顿、肖恩·菲茨吉本、肯尼思·洛纳根、安娜·巴瑞辛尼科夫、利亚姆·麦克尼尔、马修·布罗德里克、Kt·巴达萨罗、威廉·博恩凯塞尔、弗兰克·达戈斯蒂诺、托马斯·马里亚诺,N/A,N/A,N/A,N/A,N/A,N/A,N/A,"
                                　　李（卡西·阿弗莱克 Casey Affleck 饰）是一名颓废压抑的修理工，在得知哥哥乔伊（凯尔·钱德勒 Kyle Chandler 饰）去世的消息后，李回到了故乡——海边的曼彻斯特处理乔伊的后事。根据乔伊的遗嘱，李将会成为乔伊的儿子帕特里克（卢卡斯·赫奇斯 Lucas Hedg es 饰）的监护人，李打算将帕特里克带回波士顿，但很显然帕特里克并不愿意离开家乡和朋友们，但李亦不愿在这片伤心地久留。
                                    
                                　　原来，曼彻斯特埋藏着李的一段绝望的回忆，他的过失使得三个孩子葬身火海，妻子兰迪（米歇尔·威廉姆斯 Michelle Williams 饰）亦因此而离开了他。此次重回故乡，李再度见到了已经再婚并且即将做妈妈的兰迪，与此同时，帕特里克那失踪已久的母亲艾丽斯（格瑞辰·摩尔 Gretchen Mol 饰）亦联系上了帕特里克，希望他能够成为她的新家庭中的一员。
                        ",8.6,601825,43.8%,43.4%,11.5%,1.0%,0.2%
N/A,N/A,N/A,N/A,N/A,N/A,N/A,N/A,N/A,N/A,N/A,N/A,N/A,N/A,0,0,0,0,0,0
No.210,黑天鹅 Black Swan,达伦·阿伦诺夫斯基,安德雷斯·海因斯、马克·海曼、约翰·J·麦克劳克林,娜塔莉·波特曼、米拉·库尼斯、文森特·卡塞尔、芭芭拉·赫希、薇诺娜·瑞德、本杰明·米派德、克塞尼亚·索罗、克里斯汀娜·安娜波、詹妮特·蒙哥马利、塞巴斯蒂安·斯坦、托比·海明威、塞尔吉奥·托拉多、马克·马戈利斯、蒂娜·斯隆、亚伯拉罕·阿罗诺夫斯基、夏洛特·阿罗诺夫斯基、玛西娅·让·库尔茨、肖恩·奥哈根、克里斯托弗·加廷、黛博拉·奥夫纳、斯坦利·B·赫尔曼、库尔特·弗勒曼、帕特里克·赫辛格、莎拉·海伊,N/A,N/A,N/A,N/A,N/A,N/A,N/A,"
                            
                            
                        ",8.6,814485,42.4%,45.1%,11.5%,0.8%,0.2%
No.211,芙蓉镇,谢晋,阿城、谢晋,刘晓庆、姜文、郑在石、张光北、徐松子、祝士彬、刘利年,N/A,N/A,N/A,N/A,N/A,N/A,N/A,"
                            
                            
                        ",9.3,163953,68.8%,26.7%,4.0%,0.3%,0.2%
No.212,真爱至上 Love Actually,理查德·柯蒂斯,理查德·柯蒂斯,休·格兰特、连姆·尼森、科林·费尔斯、劳拉·琳妮、艾玛·汤普森、艾伦·瑞克曼、凯拉·奈特莉、托马斯·布罗迪-桑斯特、比尔·奈伊、玛汀·麦古基安、马丁·弗瑞曼、克里斯·马歇尔、罗德里戈·桑托罗、罗温·艾金森、比利·鲍伯·松顿、安德鲁·林肯、露西娅·莫尼斯、海克·玛卡琪,N/A,N/A,N/A,N/A,N/A,N/A,N/A,"
                                　　这是一出10个爱情故事串成的喜剧杂烩：
                                    
                                　　失去母亲的小男孩终日郁郁寡欢，继父不知该如何安慰。当他得知继子喜欢上学校里最美的女孩，便热烈地鼓励儿子去追。小男孩为了赢得小女孩的关注，废寝忘食地练习架子鼓，只为了在圣诞节的晚会上能与她同台演出。勇敢的他，甚至为了最后的一记道别潇 洒地突破机场的安检区。
                                    
                                　　两个孩子的母亲面对了婚姻危机。丈夫感情出轨，把项链送给了别的女人，给她的，则仅是一张她热爱的女歌手的CD。她找了借口仓皇躲入卧室，在歌声中隐忍啜泣。转个身，又夸张地大笑着，迎向娇女爱子欢喜的面容。 丈夫最终幡然醒悟。
                                    
                                　　……
                                    
                                　　如此的小故事共有十出，温暖你我的心。
                        ",8.5,771199,45.6%,38.1%,14.2%,1.6%,0.5%
No.213,爱乐之城 La La Land,达米恩·查泽雷,达米恩·查泽雷,瑞恩·高斯林、艾玛·斯通、约翰·传奇、罗丝玛丽·德薇特、芬·维特洛克、杰西卡·罗德、水野索诺娅、考莉·埃尔南德斯、J·K·西蒙斯、汤姆·艾弗瑞特·斯科特、米根·费伊、达蒙·冈普顿、贾森·福克斯、乔什·平茨、艾米·科恩、特里·沃尔特斯、汤姆·谢尔顿、信达·亚当斯、克劳丁·克劳迪奥、D·A·瓦拉赫、特雷弗·里斯奥尔、奥莉维亚·汉密尔顿、安娜·查泽雷、马里乌斯·代·弗里斯、妮科尔·库隆、迈尔斯·安德森、约翰·辛德曼、瓦拉里·雷·米勒、基夫·范登·霍伊维尔、佐伊·霍尔、登普西·帕皮恩、辛德拉·车,N/A,N/A,N/A,N/A,N/A,N/A,N/A,"
                                　　米娅（艾玛·斯通 Emma Stone 饰）渴望成为一名演员，但至今她仍旧只是片场咖啡厅里的一名平凡的咖啡师，尽管不停的参加着大大小小的试镜，但米娅收获的只有失败。某日，在一场派对之中，米娅邂逅了名为塞巴斯汀（瑞恩·高斯林 Ryan Gosling 饰）的男子，起初两人之间产生了小小的矛盾，但很快，米娅便被塞巴斯汀身上闪耀的才华以及他对爵士乐的纯粹追求所吸引，最终两人走到了一起。
                                    
                                　　在塞巴斯汀的鼓励下，米娅辞掉了咖啡厅的工作，专心为自己写起了剧本，与此同时，塞巴斯汀为了获得一份稳定的收入，加入了一支流行爵士乐队，开始演奏自己并不喜欢的现代爵士乐，没想到一炮而红。随着时间的推移，努力追求梦想的两人，彼此之间的距离却越来越远，在理想和感情之间，他们必须做出选择。
                        ",8.4,1018636,43.5%,37.8%,15.8%,2.2%,0.6%
No.214,青蛇,徐克,李碧华、徐克,张曼玉、王祖贤、赵文卓、吴兴国、马精武、田丰、刘洵,N/A,N/A,N/A,N/A,N/A,N/A,N/A,"
                                　　南宋是一个人妖难分的时期，法海和尚（赵文卓 饰）到处收服妖精，也扰乱了在西湖底修炼的白青二蛇。青（张曼玉 饰）曾获白（王祖贤 饰）相救，二者便以姐妹相称。姐妹俩受惑佯装成人生活在民间，白更嫁于老实书生许仙，青也同时看上了许仙，便常常以媚态勾引许仙，无奈许仙只深爱白一个。白开设了药店，以为可以自此过上安定的生活，可许仙却受不了青的百般挑逗，更发现了青白二蛇的真实身份，可他却不舍得离开家中的天姿国色。法海得知了青白二蛇的下落，更抓走了许仙。原来白为了爱情放弃修成正果，更怀有了身孕。为了救回丈夫，二蛇与法海展开了搏斗……
                        ",8.6,559584,45.4%,42.2%,11.5%,0.7%,0.2%
No.215,雨人 Rain Man,巴瑞·莱文森,罗纳德·巴斯、巴里·莫罗,达斯汀·霍夫曼、汤姆·克鲁斯、瓦莱丽亚·戈利诺、邦妮·亨特、贝丝·格兰特、杰克·霍夫曼、克里斯·马尔基、杰拉尔德·R·莫伦、卢辛达·珍妮、拉尔夫·塞莫、迈克尔·D·罗伯茨、罗伊斯·D.阿普勒加特、路易莎·莱斯金,N/A,N/A,N/A,N/A,N/A,N/A,N/A,"
                                　　查理（汤姆·克鲁斯 Tom Cruise 饰）父亲去世，留下了300万美元的遗产。然而令他意外的是，遗产全部给了一个他不认识的哥哥雷蒙（达斯汀·霍夫曼 Dustin Hoffman 饰）。雷蒙的名字查理从没听过，这个事件让他气愤不已。他决定前去寻找哥哥。谁知雷蒙的住处就在一个精神病院里，原来他自幼患有自闭症，母亲去世后就被送到精神病院治疗。查理心中有了算计，他把雷蒙带出精神病院，企图骗他出让遗产。
                                    
                                　　雷蒙的生活习惯奇异，活在自己的幻想世界里，有很多离奇古怪的行为。并且，查理在共处中发现了雷蒙惊人的记忆能力，他试着利用哥哥过目不忘的本领去赌场上试一下身手，赢得了一大笔奖金，使查理足以摆脱穷困生活。而令查理收获更大的是，他还获得了慢慢升温的亲情，这种手足情远远胜过了他原先图谋的300万的遗产。
                        ",8.7,425112,47.2%,43.2%,9.0%,0.5%,0.1%
N/A,N/A,N/A,N/A,N/A,N/A,N/A,N/A,N/A,N/A,N/A,N/A,N/A,N/A,0,0,0,0,0,0
No.217,终结者2：审判日 Terminator 2: Judgment Day,詹姆斯·卡梅隆,詹姆斯·卡梅隆、小威廉·威谢尔,阿诺·施瓦辛格、琳达·汉密尔顿、爱德华·福隆、罗伯特·帕特里克、阿尔·伯恩、乔·莫顿、埃帕莎·默克森、卡斯图罗·格雷拉、丹尼·库克塞、詹妮特·戈德斯坦恩、山德·贝克利、莱思莉·汉密尔顿·格伦、彼得·舒鲁姆、唐·雷克、吉姆·帕尔默、格温达·迪肯、科林·帕特里克·林奇、妮基·考克斯、德沃恩·尼克森、阿卜杜勒·萨拉姆·埃尔·拉扎克、迈克·马斯喀特、迪恩·诺里斯、查尔斯·A·坦伯罗、丹尼·皮尔斯、马克·克里斯托弗·劳伦斯、林凡 、乔尔·克莱默、斯科特·肖、史文-欧尔·托尔森、小威廉·威谢尔、Ken Gibbel、Robert Winley、Michael Edwards、Don Stanton、Dan Stanton、Lisa Brinegar、Dalton Abbott、Bret A. Arnold、Martin Deluca,N/A,N/A,N/A,N/A,N/A,N/A,N/A,"
                                　　上一部中，超级电脑“天网”阻止人类抵抗领袖约翰·康纳诞生的行动失败，时隔13年后，在“审判日”到来之前，“天网”派出了更加先进的生化机器人T-1000（罗伯特·帕特里克 饰）从公元2029年回到洛杉矶追杀已经长大的约翰，与此同时，约翰也派出了机器人T-800（阿诺· 施瓦辛格 饰）回去保护年幼的自己。
                                    
                                　　此时，萨拉·康纳（琳达·汉密尔顿 饰）因为怪异的言行而住进了精神疗养院，约翰则和养父母住在一起，行为叛逆。T-800找到他们，在逃避T-1000追杀过程中，获得了二人的信任。
                                    
                                　　为了改变未来的历史，挽救人类的命运，萨拉、约翰和T-800 Model 101找到了“天网”之父，迈尔斯·戴森（乔·莫顿 饰），说服他销毁一切有关“天网”的资料，此时，警察和T-1000同时赶来，他们陷入了多方争斗中。
                        ",8.8,362589,51.0%,38.7%,9.7%,0.4%,0.1%
N/A,N/A,N/A,N/A,N/A,N/A,N/A,N/A,N/A,N/A,N/A,N/A,N/A,N/A,0,0,0,0,0,0
No.219,人工智能 A.I. Artificial Intelligence,史蒂文·斯皮尔伯格,布莱恩·奥尔迪斯、伊恩·沃森、史蒂文·斯皮尔伯格,海利·乔·奥斯蒙、弗兰西丝·奥康纳、山姆·洛巴兹、杰克·托马斯、裘德·洛、威廉·赫特、梁振邦、克拉克·格雷格、凯文·苏斯曼、汤姆·加洛普、尤金·奥斯门特、艾普尔·格雷斯、马特·温斯顿、萨布丽娜·格德维奇、西奥·格林利,N/A,N/A,N/A,N/A,N/A,N/A,N/A,"
                                　　21世纪中期，由于温室效应，南北极冰川融化，地球上很多城市被淹没。此时，人类科技已经高度发达，人工智能机器人就是人类发明出来用以应对恶劣自然环境的科技手段之一，而且，机器人制造技术已经高度发达，先进的机器人不但拥有可以乱真的人类外表，还能感知自身的存在。
                                    
                                　　莫妮卡的儿子马丁重病住院，生命危在旦夕，为了缓解伤痛的心情，她领养了机器人小孩大卫（海利•乔•奥斯蒙特 饰），大卫的生存使命就是爱她。马丁苏醒，恢复健康，回到了家里，一系列的事情使大卫“失宠”，最后被莫妮卡抛弃。
                                    
                                　　在躲过机器屠宰场的残酷追杀后，大卫在机器情人乔（裘德•洛 饰）的帮助下，开始寻找自己的生存价值：渴望变成真正的小孩，重新回到莫妮卡妈妈的身边。谁也不知道他能否完成自己的心愿，脱胎换骨成为真正的人，等待他们的只是凶吉难料的旅程……
                        ",8.7,475514,48.8%,38.4%,11.4%,1.1%,0.3%
N/A,N/A,N/A,N/A,N/A,N/A,N/A,N/A,N/A,N/A,N/A,N/A,N/A,N/A,0,0,0,0,0,0
N/A,N/A,N/A,N/A,N/A,N/A,N/A,N/A,N/A,N/A,N/A,N/A,N/A,N/A,0,0,0,0,0,0
No.222,恋恋笔记本 The Notebook,尼克·卡萨维蒂,扬·萨尔迪、杰里米·莱文、尼古拉斯·斯帕克斯,瑞恩·高斯林、瑞秋·麦克亚当斯、吉娜·罗兰兹、詹姆斯·加纳、斯塔尔勒塔·杜波利斯、凯文·康诺利、希瑟·沃奎斯特、杰弗里·奈特、琼·艾伦、詹姆斯·麦斯登,N/A,N/A,N/A,N/A,N/A,N/A,N/A,"
                                　　一个浸润着鲜红与纯白的爱情故事，写在一本洒满昏黄的笔记本上，被一位老先生(詹姆斯·加纳 饰)，一遍一遍的讲述。老太太(吉娜·罗兰兹 饰)总是静静的听着，好奇的追问结果。在一家疗养院，这样不变的场景每天都会上演。
                                    
                                　　笔记本上，秀美的字迹，记载着发生在那个夏天的爱情。艾莉(瑞秋·麦克亚当斯 饰)是富有人家的千金，她随家人来到小镇避暑。在一个充满梦幻的游乐场，邂逅了诺亚(瑞恩·高斯林 饰)。诺亚没有钱，却活的很快乐。艾莉在他那学会了自由，得到了欢笑，两人很快热恋起来。然而在艾莉父母的阻挠下，相爱的两个人，就被分开在夏天结束的那一刻。随着诺亚的365封信被偷偷藏起，艾莉在7年后终于放弃了等待。就在她要步入教堂的前一天，突然在报纸上看到了诺亚曾许诺给自己建造的白色房子。一切记忆，全部苏醒……
                                    
                                　　也许，应该苏醒的，不是故事中的，而是听故事的人。
                        ",8.5,713935,44.4%,40.1%,13.7%,1.4%,0.4%
No.223,新龙门客栈 新龍門客棧,李惠民,徐克、张炭、何冀平,张曼玉、林青霞、梁家辉、甄子丹、熊欣欣、刘洵、任世官、吴启华、袁祥仁、徐锦江、郑希怡、王彤川、王伟顺、蔡浩,N/A,N/A,N/A,N/A,N/A,N/A,N/A,"
                                　　宦官专权的明朝中叶，东厂曹少钦（甄子丹）假造圣旨杀害了忠良杨宇轩，并想斩草除根杀死其后代。侠女邱莫言（林青霞）、江湖义士贺虎等人冒死救出忠良后代后，逃至边关沙漠里的龙门客栈，与杨宇轩部下周淮安（梁家辉）会合。龙门客栈实则黑店，老板娘金镶玉（张曼玉）利用乱世，以美貌和风骚 作诱饵杀人越货聚敛钱财，但她却为英俊潇洒的周淮安动了真心。为了摸清潜藏于龙门客栈中的出关暗道，周淮安将计就计，答应与金镶玉成亲。
                                    
                                　　洞房花烛夜，楼上的周淮安与金镶玉各怀心事暗中较劲，楼下的邱莫言、贺虎等人也与东厂一众“走狗”展开了明争暗斗，战事一触即发。
                        ",8.7,475274,45.6%,43.7%,10.0%,0.6%,0.1%
N/A,N/A,N/A,N/A,N/A,N/A,N/A,N/A,N/A,N/A,N/A,N/A,N/A,N/A,0,0,0,0,0,0
No.225,崖上的波妞 崖の上のポニョ,宫崎骏,宫崎骏,神月柚莉爱、土井洋辉、山口智子、长岛一茂、天海祐希、所乔治、柊瑠美、矢野显子、吉行和子、奈良冈朋子、左时枝、羽鸟慎一、平冈映美、大桥望美,N/A,N/A,N/A,N/A,N/A,N/A,N/A,"
                                　　5岁的宗介生长在海边小城，他的家就在临海的悬崖上。一天，宗介捡到了一个被海浪冲上岸的废玻璃瓶，里面有条受困的小金鱼。小金鱼名叫波尼，她是人鱼女王的女儿，偷偷驾着水母溜出来玩的时候撞进了瓶子里。宗介把波尼带回了自己家，养在塑料盆里。波尼在宗介家过得很愉快，她很喜欢宗介，宗介也喜欢她。然而，快乐的日子很快就过去了，波尼的爸爸藤本把女儿带回了海底。藤本原是一个魔法师，后来和人鱼女王相爱成了海底的住人。
                                    
                                　　波尼回家后，十分思念宗介，她做出了一个大胆的决定——她要变成人，和宗介在一起。在妹妹们的帮助下，波尼偷出了父亲的法宝，向人类世界游去。不料，蕴含着危险魔力的生命之水失控了。于是，海水暴涨，暴风狂作，妹妹们变成了可怕的巨型鱼，海浪向宗介一家所在的悬崖扑去……
                                    
                                　　海边小城被淹没了，波尼没想到自己的美好愿望竟然招来了这样的大祸。她能挽救宗介么？
                        ",8.6,538131,45.7%,41.3%,12.0%,0.8%,0.2%
