top,title,year,area,language,runtime,score,comment,summary
肖申克的救赎,,,弗兰克·德拉邦特,/ 美国 / 犯罪 剧情,,,,9.7,
霸王别姬,,,陈凯歌,/ 中国大陆 中国香港 / 剧情 爱情 同性,,,,9.6,
No.3,阿甘正传,1994,美国,英语,142分钟,9.5,2292961人,阿甘（汤姆·汉克斯饰）于二战结束后不久出生在美国南方阿拉巴马州一个闭塞的小镇，他先天弱智，智商只有75，然而他的妈妈是一个性格坚强的女性，她常常鼓励阿甘“傻人有傻福”，要他自强不息。阿甘像普通孩子一样上学，并且认识了一生的朋友和至爱珍妮（罗宾·莱特·潘饰），在珍妮和妈妈的爱护下，阿甘凭着上帝赐予的“飞毛腿”开始了一生不停的奔跑。阿甘成为橄榄球巨星、越战英雄、乒乓球外交使者、亿万富翁，但是，他始终忘不了珍妮，几次匆匆的相聚和离别，更是加深了阿甘的思念。有一天，阿甘收到珍妮的信，他们终于又要见面……
No.4,泰坦尼克号,1997,美国 / 墨西哥,英语 / 意大利语 / 德语 / 俄语,194分钟,9.5,2333247人,1912年4月10日，号称“世界工业史上的奇迹”的豪华客轮泰坦尼克号开始了自己的处女航，从英国的南安普顿出发驶往美国纽约。富家少女罗丝（凯特•温丝莱特）与母亲及未婚夫卡尔坐上了头等舱；另一边，放荡不羁的少年画家杰克（莱昂纳多·迪卡普里奥）也在码头的一场赌博中赢得了下等舱的船票。罗丝厌倦了上流社会虚伪的生活，不愿嫁给卡尔，打算投海自尽，被杰克救起。很快，美丽活泼的罗丝与英俊开朗的杰克相爱，杰克带罗丝参加下等舱的舞会、为她画像，二人的感情逐渐升温。1912年4月14日，星期天晚上，一个风平浪静的夜晚。泰坦尼克号撞上了冰山，“永不沉没的”泰坦尼克号面临沉船的命运，罗丝和杰克刚萌芽的爱情也将经历生死的考验。
No.5,千与千寻,2001,日本,日语,125分钟,9.4,2381749人,千寻和爸爸妈妈一同驱车前往新家，在郊外的小路上不慎进入了神秘的隧道——他们去到了另外一个诡异世界—一个中世纪的小镇。远处飘来食物的香味，爸爸妈妈大快朵颐，孰料之后变成了猪！这时小镇上渐渐来了许多样子古怪、半透明的人。千寻仓皇逃出，一个叫小白的人救了他，喂了她阻止身体消失的药，并且告诉她怎样去找锅炉爷爷以及汤婆婆，而且必须获得一份工作才能不被魔法变成别的东西。千寻在小白的帮助下幸运地获得了一份在浴池打杂的工作。渐渐她不再被那些怪模怪样的人吓倒，并从小玲那儿知道了小白是凶恶的汤婆婆的弟子。一次，千寻发现小白被一群白色飞舞的纸人打伤，为了救受伤的小白，她用河神送给她的药丸驱出了小白身体内的封印以及守封印的小妖精，但小白还是没有醒过来。为了救小白，千寻又踏上了她的冒险之旅。
NULL,NULL,NULL,NULL,NULL,NULL,NULL,NULL,NULL
No.7,这个杀手不太冷,1994,法国 / 美国,英语 / 意大利语 / 法语,133分钟(中国大陆),9.4,2415277人,里昂（让·雷诺饰）是名孤独的职业杀手，受人雇佣。一天，邻居家小姑娘马蒂尔达（纳塔丽·波特曼饰)敲开他的房门，要求在他那里暂避杀身之祸。原来邻居家的主人是警方缉毒组的眼线，只因贪污了一小包毒品而遭恶警（加里·奥德曼饰）杀害全家的惩罚。马蒂尔达得到里昂的留救，幸免于难，并留在里昂那里。里昂教小女孩使枪，她教里昂法文，两人关系日趋亲密，相处融洽。女孩想着去报仇，反倒被抓，里昂及时赶到，将女孩救回。混杂着哀怨情仇的正邪之战渐次升级，更大的冲突在所难免……
No.8,星际穿越,2014,美国 / 英国 / 加拿大,英语,169分钟,9.4,2004737人,近未来的地球黄沙遍野，小麦、秋葵等基础农作物相继因枯萎病灭绝，人类不再像从前那样仰望星空，放纵想象力和灵感的迸发，而是每日在沙尘暴的肆虐下倒数着所剩不多的光景。在家务农的前NASA宇航员库珀（马修·麦康纳MatthewMcConaughey饰）接连在女儿墨菲（麦肯吉·弗依MackenzieFoy饰）的书房发现奇怪的重力场现象，随即得知在某个未知区域内前NASA成员仍秘密进行一个拯救人类的计划。多年以前土星附近出现神秘虫洞，NASA借机将数名宇航员派遣到遥远的星系寻找适合居住的星球。在布兰德教授（迈克尔·凯恩MichaelCaine饰）的劝说下，库珀忍痛告别了女儿，和其他三名专家教授女儿艾米莉亚·布兰德（安妮·海瑟薇AnneHathaway饰）、罗米利（大卫·吉雅西DavidGyasi饰）、多伊尔（韦斯·本特利WesBentley饰）搭乘宇宙飞船前往目前已知的最有希望的三颗星球考察。他们穿越遥远的星系银河，感受了一小时七年光阴的沧海桑田，窥见了未知星球和黑洞的壮伟与神秘。在浩瀚宇宙的绝望而孤独角落，总有一份超越了时空的笃定情怀将他们紧紧相连……
No.9,盗梦空间,2010,美国 / 英国,英语 / 日语 / 法语,148分钟,9.4,2193339人,道姆·柯布（莱昂纳多·迪卡普里奥LeonardoDiCaprio饰）与同事阿瑟（约瑟夫·戈登-莱维特JosephGordon-Levitt饰）和纳什（卢卡斯·哈斯LukasHaas饰）在一次针对日本能源大亨齐藤（渡边谦饰）的盗梦行动中失败，反被齐藤利用。齐藤威逼利诱因遭通缉而流亡海外的柯布帮他拆分他竞争对手的公司，采取极端措施在其唯一继承人罗伯特·费希尔（希里安·墨菲CillianMurphy饰）的深层潜意识中种下放弃家族公司、自立门户的想法。为了重返美国，柯布偷偷求助于岳父迈尔斯（迈克尔·凯恩MichaelCaine饰），吸收了年轻的梦境设计师艾里阿德妮（艾伦·佩吉EllenPage饰）、梦境演员艾姆斯（汤姆·哈迪TomHardy饰）和药剂师约瑟夫（迪利普·劳DileepRao饰）加入行动。在一层层递进的梦境中，柯布不仅要对付费希尔潜意识的本能反抗，还必须直面已逝妻子梅尔（玛丽昂·歌迪亚MarionCotillard饰）的处处破坏，实际情况远比预想危险得多……
NULL,NULL,NULL,NULL,NULL,NULL,NULL,NULL,NULL
No.11,辛德勒的名单,1993,美国,英语 / 希伯来语 / 德语 / 波兰语,195分钟,9.5,1185064人,1939年，波兰在纳粹德国的统治下，党卫军对犹太人进行了隔离统治。德国商人奥斯卡·辛德勒（连姆·尼森LiamNeeson饰）来到德军统治下的克拉科夫，开设了一间搪瓷厂，生产军需用品。凭着出众的社交能力和大量的金钱，辛德勒和德军建立了良好的关系，他的工厂雇用犹太人工作，大发战争财。1943年，克拉科夫的犹太人遭到了惨绝人寰的大屠杀，辛德勒目睹这一切，受到了极大的震撼，他贿赂军官，让自己的工厂成为集中营的附属劳役营，在那些疯狂屠杀的日子里，他的工厂也成为了犹太人的避难所。1944年，德国战败前夕，屠杀犹太人的行动越发疯狂，辛德勒向德军军官开出了1200人的名单，倾家荡产买下了这些犹太人的生命。在那些暗无天日的岁月里，拯救一个人，就是拯救全世界。
No.12,忠犬八公的故事,2009,美国 / 英国,英语 / 日语,93分钟,9.4,1466917人,八公（Forest饰）是一条谜一样的犬，因为没有人知道它从哪里来。教授帕克（理查·基尔RichardGere饰）在小镇的火车站拣到一只走失的小狗，冥冥中似乎注定小狗和帕克教授有着某种缘分，帕克一抱起这只小狗就再也放不下来，最终，帕克对小狗八公的疼爱感化了起初极力反对养狗的妻子卡特（琼·艾伦JoanAllen饰）。八公在帕克的呵护下慢慢长大，帕克上班时八公会一直把他送到车站，下班时八公也会早早便爬在车站等候，八公的忠诚让小镇的人家对它更加疼爱。有一天，八公在帕克要上班时表现异常，居然玩起了以往从来不会的捡球游戏，八公的表现让帕克非常满意，可是就是在那天，帕克因病去世。帕克的妻子、女儿安迪（萨拉·罗默尔SarahRoemer饰）及女婿迈克尔（罗比·萨布莱特RobbieSublett饰）怀着无比沉痛的心情埋葬了帕克，可是不明就里的八公却依然每天傍晚五点准时守候在小站的门前，等待着主人归来……本片根据上个世纪30年代发生在日本的真实故事改编，1987年在日本拍成电影后创造了40亿日元的票房。
No.13,海上钢琴师,1998,意大利,英语 / 法语 / 意大利语,165分钟,9.3,1770638人,本片讲述了一个钢琴天才传奇的一生。1900年，Virginian号豪华邮轮上，一个孤儿被遗弃在头等舱，由船上的水手抚养长大，取名1900（蒂姆•罗斯饰）。1900慢慢长大，显示出了无师自通的非凡钢琴天赋，在船上的乐队表演钢琴，每个听过他演奏的人，都被深深打动。爵士乐鼻祖杰尼听说了1900的高超技艺，专门上船和他比赛，最后自叹弗如，黯然离去。可惜，这一切的事情都发生在海上，1900从来不愿踏上陆地，直到有一天，他爱上了一个女孩，情愫在琴键上流淌。他会不会为了爱情，踏上陆地开始新的生活，用他的琴声惊艳世界？他将怎样谱写自己非凡的人生。
No.14,三傻大闹宝莱坞,2009,印度,印地语 / 乌尔都语 / 英语,171分钟(印度),9.2,1963612人,本片根据印度畅销书作家奇坦·巴哈特（ChetanBhagat）的处女作小说《五点人》（FivePointSomeone）改编而成。法兰（马德哈万RMadhavan饰）、拉杜（沙曼·乔希SharmanJoshi饰）与兰乔（阿米尔·汗AamirKhan饰）是皇家工程学院的学生，三人共居一室，结为好友。在以严格著称的学院里，兰乔是个非常与众不同的学生，他不死记硬背，甚至还公然顶撞校长“病毒”（波曼·伊拉尼BomanIrani饰），质疑他的教学方法。他不仅鼓动法兰与拉杜去勇敢追寻理想，还劝说校长的二女儿碧雅（卡琳娜·卡普KareenaKapoor饰）离开满眼铜臭的未婚夫。兰乔的特立独行引起了模范学生“消音器”（奥米·维嘉OmiVaidya饰）的不满，他约定十年后再与兰乔一决高下，看哪种生活方式更能取得成功。本片获孟买电影博览奖最佳影片、最佳导演、最佳配角（波曼·伊拉尼）、最佳剧本等六项大奖，并获国际印度电影协会最佳影片、最佳导演、最佳剧情、最佳摄影等十六项大奖。
No.15,放牛班的春天,2004,法国 / 瑞士 / 德国,法语,97分钟,9.3,1392571人,1949年的法国乡村，音乐家克莱门特（热拉尔·朱尼奥饰）到了一间外号叫“塘低”的男子寄宿学校当助理教师。学校里的学生大部分都是难缠的问题儿童，体罚在这里司空见惯，学校的校长（弗朗索瓦·贝莱昂饰）只顾自己的前途，残暴高压。性格沉静的克莱门特尝试用自己的方法改善这种状况，他重新创作音乐作品，组织合唱团，决定用音乐的方法来打开学生们封闭的心灵。然而，事情并不顺利，克莱门特发现学生皮埃尔·莫安琦（让-巴蒂斯特·莫尼耶饰）拥有非同一般的音乐天赋，但是单亲家庭长大的他，性格异常敏感孤僻，怎样释放皮埃尔的音乐才能，让克莱门特头痛不已；同时，他与皮埃尔母亲的感情也渐渐微妙起来。
No.16,机器人总动员,2008,美国,英语,98分钟,9.3,1397695人,公元2805年，人类文明高度发展，却因污染和生活垃圾大量增加使得地球不再适于人类居住。地球人被迫乘坐飞船离开故乡，进行一次漫长无边的宇宙之旅。临行前他们委托Buynlarge的公司对地球垃圾进行清理，该公司开发了名为WALL·E（WasteAllocationLoadLifters–Earth地球废品分装员）的机器人担当此重任。这些机器人按照程序日复一日、年复一年辛勤工作，但随着时间的流逝和恶劣环境的侵蚀，WALL·E们接连损坏、停止运动。最后只有一个仍在进行这项似乎永无止境的工作。经历了漫长的岁月，它开始拥有了自己的意识。它喜欢将收集来的宝贝小心翼翼藏起，喜欢收工后看看几百年前的歌舞片，此外还有一只蟑螂朋友作伴。直到有一天，一艘来自宇宙的飞船打破了它一成不变的生活……本片荣获2009年第81届奥斯卡最佳动画长片奖。
NULL,NULL,NULL,NULL,NULL,NULL,NULL,NULL,NULL
NULL,NULL,NULL,NULL,NULL,NULL,NULL,NULL,NULL
No.19,控方证人,1957,美国,英语 / 德语,116分钟,9.6,637675人,伦敦著名刑案辩护律师韦菲爵士（查尔斯·劳顿CharlesLaughton饰）接受了心脏病治疗，但是身体依旧虚弱，第一天回家休养，护士一直严厉监督他服药，并杜绝烟酒。管家为了便于上楼，还专门为他修了电梯。但是，种种关心照顾，对于这位桀骜不驯、牙尖嘴利的大律师根本不起作用，反倒是一纸诉状令他倍感兴奋。律师梅休和当事人沃尔（泰隆·鲍华TyronePower饰）登门拜访，请他出山打官司。原来，沃尔结识了富婆，两人相见甚欢，虽然仆人对他发明的打蛋器充满鄙夷，但是富婆却对他充满爱意，甚至为他修改了遗嘱，把8万英镑留给了他。然而，富婆却惨遭毒手。于是，沃尔成为警方的头号嫌疑犯。他的唯一证人是妻子克里斯汀（玛琳·黛德丽MarleneDietrich饰），然而后者登门时的冷漠与淡定，令韦菲爵士怀疑这其中另有隐情。在扑朔迷离的案件背后，隐藏着一个个环环相扣、不可告人的秘密……本片改编自阿加莎·克里斯蒂同名小说。
NULL,NULL,NULL,NULL,NULL,NULL,NULL,NULL,NULL
No.21,熔炉,2011,韩国,韩语,125分钟,9.3,985179人,来自首尔的哑语美术老师仁浩（孔宥饰）来到雾津，应聘慈爱聋哑人学校。天降大雾，他意外撞车，维修时邂逅了人权组织成员柔珍（郑有美饰）。仁浩妻子早亡，8岁女儿天生哮喘由祖母照看，所以他不辞辛苦谋职养家。然而，双胞胎的校长与教导主任竟逼仁浩索贿5千万韩元。同时，仁浩逐渐发现学校笼罩着一种紧张压抑的气氛，令人窒息。有三个孩子引人关注：聪颖的金妍斗（金贤秀饰）、贪吃的陈宥利（郑仁絮饰）和弟弟自杀身亡的全民秀（白承焕饰），民秀总是满脸淤青。下课后，仁浩还听到女厕所中有呼喊与哭泣，在门卫的阻拦下他未深究。之后。他意外目睹了校长行贿警察，教导员毒打民秀，宿导溺罚妍斗的行径。一个惊天的隐秘被慢慢揭开，真相令韩国震惊……本片取材于2005年光州一所聋哑障碍人学校的真实事件，改编自韩国作家孔枝泳的同名小说。
No.22,教父,1972,美国,英语 / 意大利语 / 拉丁语,175 分钟,9.3,1035501人,40年代的美国，“教父”维托·柯里昂（马龙·白兰度饰）是黑手党柯里昂家族的首领，带领家族从事非法的勾当，但同时他也是许多弱小平民的保护神，深得人们爱戴。因为拒绝了毒枭索洛索的毒品交易要求，柯里昂家族和纽约其他几个黑手党家族的矛盾激化。圣诞前夕，索洛索劫持了“教父”的参谋汤姆，并派人暗杀“教父”；因为内奸的出卖，“教父”的大儿子逊尼被仇家杀害；小儿子麦克（阿尔·帕西诺饰）也被卷了进来，失去爱妻。黑手党家族之间的矛盾越来越白热化。年老的“教父”面对丧子之痛怎样统领全局？黑手党之间的仇杀如何落幕？谁是家族的内奸？谁又能够成为新一代的“教父”？血雨腥风和温情脉脉，在这部里程碑式的黑帮史诗巨片里真实上演。
No.23,触不可及,2011,法国,法语,112分钟,9.3,1205763人,因为一次跳伞事故，白人富翁菲利普Philippe（弗朗索瓦·克鲁塞FrançoisCluzet饰）瘫痪在床，欲招聘一名全职陪护。由于薪酬高，应聘者云集，个个舌灿莲花，却无法打动他的心。直到黑人德希斯Driss（奥玛·赛OmarSy饰）的出现才让他作出决定。德希斯刚从监狱出来，背负家庭重担，一心只想寻张辞退信以申领救济金，而且他明显对女助理的兴趣要远大于这份工作。但是菲利普还是一眼相中了这个小伙子。于是，德希斯开始了一个月的试用期。虽然舒适的豪宅环境让他倍感虚荣，但是他仍面临很多挑战：不仅要为菲利普作身体复健，还得给他洗浴、灌肠、拆信、穿丝袜等。起初，两人的思维方式与价值观大相径庭，但是，随着了解的不断深入，他们成为了朋友……本片取材于真实事件，获2011年东京电影节最佳影片金麒麟奖，弗朗索瓦·克鲁塞与奥玛·赛分享影帝桂冠。
No.24,当幸福来敲门,2006,美国,英语 / 粤语,117分钟,9.2,1603762人,克里斯•加纳（威尔·史密斯WillSmith饰）用尽全部积蓄买下了高科技治疗仪，到处向医院推销，可是价格高昂，接受的人不多。就算他多努力都无法提供一个良好的生活环境给妻儿，妻子（桑迪·牛顿ThandieNewton饰）最终选择离开家。从此他带着儿子克里斯托夫（贾登·史密斯JadenSmith饰）相依为命。克里斯好不容易争取回来一个股票投资公司实习的机会，就算没有报酬，成功机会只有百分之五，他仍努力奋斗，儿子是他的力量。他看尽白眼，与儿子躲在地铁站里的公共厕所里，住在教堂的收容所里……他坚信，幸福明天就会来临。
NULL,NULL,NULL,NULL,NULL,NULL,NULL,NULL,NULL
No.26,末代皇帝,1987,英国 / 意大利 / 中国大陆 / 法国,英语 / 汉语普通话 / 日语,163分钟,9.3,957803人,溥仪（尊龙饰）的一生在电影中娓娓道来。他从三岁起登基，年幼的眼光中只有大臣身上的一只蝈蝈，江山在他心中只是一个不明所以的名词。长大了，他以为可以变革，却被太监一把火烧了朝廷账本。他以为自己是大清江山的主人，却做了日本人的傀儡。解放后，他坐上了从苏联回来的火车，身边是押送监视他的解放军。他猜测自己难逃一死，便躲在狭小的卫生间里，割脉自杀。然而他没有死在火车上，命运的嘲笑还在等着他。文革的风风雨雨，在他身上留下了斑斑伤痕。
No.27,龙猫,1988,日本,日语,86分钟,9.2,1339598人,小月的母亲生病住院了，父亲带着她与四岁的妹妹小梅到乡间的居住。她们对那里的环境都感到十分新奇，也发现了很多有趣的事情。她们遇到了很多小精灵，她们来到属于她们的环境中，看到了她们世界中很多的奇怪事物，更与一只大大胖胖的龙猫成为了朋友。龙猫与小精灵们利用他们的神奇力量，为小月与妹妹带来了很多神奇的景观，令她们大开眼界。妹妹小梅常常挂念生病中的母亲，嚷着要姐姐带着她去看母亲，但小月拒绝了。小梅竟然自己前往，不料途中迷路了，小月只好寻找她的龙猫及小精灵朋友们帮助。
No.28,怦然心动,2010,美国,英语,90分钟,9.1,1941447人,布莱斯（卡兰•麦克奥利菲CallanMcAuliffe饰）全家搬到小镇，邻家女孩朱丽（玛德琳•卡罗尔MadelineCarroll饰）前来帮忙。她对他一见钟情，心愿是获得他的吻。两人是同班同学，她一直想方设法接近他，但是他避之不及。她喜欢爬在高高的梧桐树上看风景。但因为施工，树被要被砍掉，她誓死捍卫，希望他并肩作战，但是他退缩了。她的事迹上了报纸，外公对她颇有好感，令他十分困惑。她凭借鸡下蛋的项目获得了科技展第一名，成了全场焦点，令他黯然失色。她把自家鸡蛋送给他，他听家人怀疑她家鸡蛋不卫生，便偷偷把鸡蛋丢掉。她得知真相，很伤心，两人关系跌入冰点。她跟家人诉说，引发争吵。原来父亲一直攒钱照顾傻弟弟，所以生活拮据。她理解了父母，自己动手，还得到了他外公的鼎力相助。他向她道歉，但是并未解决问题。他开始关注她。鸡蛋风波未平，家庭晚宴与午餐男孩评选又把两人扯在了一起……
NULL,NULL,NULL,NULL,NULL,NULL,NULL,NULL,NULL
NULL,NULL,NULL,NULL,NULL,NULL,NULL,NULL,NULL
No.31,蝙蝠侠：黑暗骑士,2008,美国 / 英国,英语 / 汉语普通话,152分钟,9.2,1129291人,从亲眼目睹父母被人杀死的阴影中走出来的“蝙蝠侠”，经历了成长之后，已经不再是那个桀骜不的孤单英雄了。在警官吉姆·戈登和检查官哈维·登特的通力帮助下，“蝙蝠侠”无后顾之忧地继续满世界的奔波，与日益增长起来的犯罪威胁做着永无休止的争斗，而他所在的高谭市，也是进展最为明显的地方，犯罪率以一种惊人的速度持续下降着，毕竟对方是能够上天入地的“蝙蝠侠”，不借两个胆子谁还敢造次呢？不过像高谭这种科技与污秽并存的城市，平静是不可能维持太久的，果不其然，新一轮的混乱很快就席卷了整个城市，人们再一被被恐慌所笼罩着，而声称愿意为这一切负责的，自然就是所有混乱的源头以及支配者--“小丑”了。先不管“小丑”掀起一个又一个犯罪的狂潮的最终目的为何，他的企图都是邪恶的，所作所为更是早就危害到了高谭市民的正常生活……其中自然包括了“蝙蝠侠”身边几个非常重要的人，而他需要做的，就是将这股新的危机全部亲自用手捏得粉碎。然而在面对着这个有史以来最具针对性、最恶毒的对手时，“蝙蝠侠”却不得不从他的地下军械库里搬出每一件能够用得上的高科技武器，还得时刻纠结着为他曾经信仰的一切寻找答案。
No.32,指环王3：王者无敌,2003,美国 / 新西兰,英语 / 昆雅语 / 古英语 / 辛达林语,201分钟,9.3,856540人,魔幻战争逐渐进入高潮阶段。霍比特人佛罗多（伊利亚·伍德ElijahWood饰）携带着魔戒，与伙伴山姆（西恩·奥斯汀SeanAstin饰）以及狡猾阴暗的咕噜等前往末日山，一路上艰难险阻不断，魔君索伦为阻止魔戒被销毁用尽全力阻挠。另一方面，白袍巫师甘道夫（伊恩·麦克莱恩IanMcKellen饰）率中土勇士们镇守刚铎首都——白城米那斯提里斯。魔兽大军压境，黑暗与光明的决战即将来临……本片是“指环王三部曲”的终结篇，根据英国作家J.R.R.托尔金（J.R.R.Tolkien）同名魔幻巨著《指环王》（TheLordoftheRings）改编，并荣获2004年第76届奥斯卡最佳影片、最佳导演、最佳改编剧本、最佳剪辑、最佳艺术指导、最佳服装设计、最佳化妆、最佳视觉效果、最佳音效、最佳配乐和最佳歌曲等11项大奖。
No.33,我不是药神,2018,中国大陆,汉语普通话 / 英语 / 上海话 / 印地语,117分钟,9.0,2228670人,普通中年男子程勇（徐峥饰）经营着一家保健品店，失意又失婚。不速之客吕受益（王传君饰）的到来，让他开辟了一条去印度买药做“代购”的新事业，虽然困难重重，但他在这条“买药之路”上发现了商机，一发不可收拾地做起了治疗慢粒白血病的印度仿制药独家代理商。赚钱的同时，他也认识了几个病患及家属，为救女儿被迫做舞女的思慧（谭卓饰）、说一口流利“神父腔”英语的刘牧师（杨新鸣饰），以及脾气暴烈的“黄毛”（章宇饰），几个人合伙做起了生意，利润倍增的同时也危机四伏。程勇昔日的小舅子曹警官（周一围饰）奉命调查仿制药的源头，假药贩子张长林（王砚辉饰）和瑞士正牌医药代表（李乃文饰）也对其虎视眈眈，生意逐渐变成了一场关于救赎的拉锯战。本片改编自慢粒白血病患者陆勇代购抗癌药的真实事迹。
NULL,NULL,NULL,NULL,NULL,NULL,NULL,NULL,NULL
NULL,NULL,NULL,NULL,NULL,NULL,NULL,NULL,NULL
No.36,素媛,2013,韩国,韩语,122分钟,9.3,732662人,她（李来饰）是一个美丽平凡的小女孩，和爸爸妈妈生活在位于街角的家中。家里经营着以她的名字素媛命名的杂货店，母亲（严智媛饰）作为老板娘日夜忙碌不得闲暇，父亲则在工厂干着繁重的工作。在那个飘雨的早上，素媛打着雨伞独自上学。在离学校近在咫尺的地方，她遭遇一个相貌猥琐、酒气冲天的大叔，由此开启了她的悲剧之旅。柔嫩的小花遭到暴风雨无情摧残，受伤的岂止枝枝叶叶，更是那迎着阳光无忧成长的心。无良媒体铺天盖地大肆渲染，作为受害者的素媛一家仿佛成了周身污秽的耻辱之人，被四周诧异好奇的目光所包围。妈妈悲痛欲绝，几近崩溃。爸爸全力保护女儿，但受伤的小天使却拒绝爸爸的靠近。问凶之路伴随着天使的治愈旅程，美丽的女孩可会再露灿烂笑容？
NULL,NULL,NULL,NULL,NULL,NULL,NULL,NULL,NULL
No.38,让子弹飞,2010,中国大陆 / 中国香港,汉语普通话 / 四川话 / 山西话,132分钟,9.0,1808881人,民国年间，花钱捐得县长的马邦德（葛优饰）携妻（刘嘉玲饰）及随从走马上任。途经南国某地，遭劫匪张麻子（姜文饰）一伙伏击，随从尽死，只夫妻二人侥幸活命。马为保命，谎称自己是县长的汤师爷。为汤师爷许下的财富所动，张麻子摇身一变化身县长，带着手下赶赴鹅城上任。有道是天高皇帝远，鹅城地处偏僻，一方霸主黄四郎（周润发饰）只手遮天，全然不将这个新来的县长放在眼里。张麻子痛打了黄的武教头（姜武饰），黄则设计害死张的义子小六（张默饰）。原本只想赚钱的马邦德，怎么也想不到竟会被卷入这场土匪和恶霸的角力之中。鹅城上空愁云密布，血雨腥风在所难免……本片根据马识途的小说《夜谭十记》中的《盗官记》一章改编。
No.39,十二怒汉,1957,美国,英语,96分钟,9.4,535448人,一个在贫民窟长大的18岁少年因为涉嫌杀害自己的父亲被告上法庭，证人言之凿凿，各方面的证据都对他极为不利。十二个不同职业的人组成了这个案件的陪审团，他们要在休息室达成一致的意见，裁定少年是否有罪，如果罪名成立，少年将会被判处死刑。十二个陪审团成员各有不同，除了8号陪审员（HenryFonda饰）之外，其他人对这个犯罪事实如此清晰的案子不屑一顾，还没有开始讨论就认定了少年有罪。8号陪审员提出了自己的“合理疑点”，耐心地说服其他的陪审员，在这个过程中，他们每个人不同的人生观也在冲突和较量……
No.40,何以为家,2018,黎巴嫩 / 美国 / 法国 / 塞浦路斯 / 卡塔尔 / 英国,阿拉伯语 / 阿姆哈拉语,126分钟,9.1,1108146人,法庭上，十二岁的男孩赞恩向法官状告他的亲生父母，原因是，他们给了他生命。是什么样的经历让一个孩子做出如此不可思议的举动？故事中，赞恩的父母在无力抚养和教育的状况下依然不停生育，作为家中的长子赞恩，弱小的肩膀承担了无数生活的重压。当妹妹被强行卖给商贩为妻时，赞恩愤怒离家，之后遇到一对没有合法身份的母子，相互扶持勉强生活。然而生活并没有眷顾赞恩，重重磨难迫使他做出了令人震惊的举动……
No.41,海蒂和爷爷,2015,德国 / 瑞士,南非语 / 德语 / 瑞士德语,111分钟,9.3,697206人,孤儿海蒂（阿努克·斯特芬饰）被姨母迪蒂（安娜·希恩斯饰）送上了阿尔卑斯山，与远离小镇独居于高山的祖父（布鲁诺·甘茨饰）一同生活。活泼的海蒂在这里如鱼得水，不仅收获了羊倌彼得（奎林·阿格里皮饰）的友情和孤僻祖父的亲情，还与山下彼得的家人打成一片。一天，海蒂同彼得在山上放羊，姨母突然出现，连哄带骗将海蒂卖到法兰克福的泽塞曼家。从此，目不识丁的海蒂成为了小姐克拉拉（伊莎贝尔·奥特曼饰）的伴读。克拉拉幼年丧母，大病一场再不能站立，只能被困在豪宅中与轮椅相伴。父亲（马克西姆·梅米特饰）常年在外很少回家，寂寞的克拉拉把海蒂当成了救命稻草。海蒂能适应泽塞曼家的新生活吗？远在天边的祖父和彼得还能再见吗？克拉拉的腿还有好起来的希望吗？
No.42,猫鼠游戏,2002,美国 / 加拿大,英语 / 法语,141 分钟,9.1,1117813人,弗兰克（莱昂纳多·迪卡普里奥LeonardoDiCaprio饰）是FBI有史以来年龄最小的通缉犯。他的犯罪手段神通广大，伪装身份的能力超乎常人，全美各地几乎都留下他的犯罪足迹。乔装医生、律师、飞行员，统统都是他曾经的身份。当然，弗兰克凭着这个“本领”，骗取了高达几百万的金额。活得逍遥快乐的弗兰克这次又成功伪造了一份学历证明，去医院做起了大夫。弗兰克不但在这里认识了护士布雷达（艾米·亚当斯AmyAdams饰），二人擦出爱火花，还通过布雷达的父亲得到了一份检察官助理的优差。然而，这只是暴风雨前夕——一双眼睛已经盯住了弗兰克，誓要把他绳之于法不可。这就是FBI探员卡尔（汤姆·汉克斯TomHanks饰）。在研究追捕弗兰克的过程中，卡尔领教到这个犯罪天才的过人智商。他屡次被弗兰克这个黄毛小子捉弄，心里又恨又不得不佩服。每当弗兰克有惊无险地从他的精心布局中逃脱时，这个猫鼠游戏显得有趣起来……
NULL,NULL,NULL,NULL,NULL,NULL,NULL,NULL,NULL
No.44,天空之城,1986,日本,日语,125分钟,9.2,947201人,古老帝国拉普达是一座漂浮在空中的巨大的机器岛，传说那里已经无人居住，蕴藏着巨大的财富。因此，无论军方还是海盗，都在找寻着这座传说中的飞行岛。矿工巴鲁这天偶遇拉普达继承人希达，两人一见如故。因为希达身上有找寻拉普达帝国的重要物件飞行石，军方和海盗两帮人马都在追杀希达。巴鲁带着希达一起逃亡，最终都没有逃出军方的手中，希达被军队掳走了。为救朋友，只能选择与海盗合作。巴鲁与海盗成功救出了希达，同时，他们也发现了军方的邪恶计划。为了阻止军方邪恶计划的实施，他们和海盗一起踏上了寻找拉普达之旅。
No.45,鬼子来了,2000,中国大陆,汉语普通话 / 日语 / 唐山话,139分钟,9.3,670068人,第二次世界大战期间，中国河北挂甲台村的农民马大三（姜文饰）在日本人的统治下过着平静的生活。一个晚上，游击队绑架了日军陆军士兵花屋小三郎（香川照之饰）和翻译董汉臣，把他们捆绑塞入麻袋放在马大三家里，并吩咐马好好看管，几天后的大年三十来带人。马大三和村民战战兢兢地看守两人，花屋小三郎和董汉臣数次发出求救信号，皆被村民化解。半年过去了，村民们担心事情暴露，却又不敢把花屋等放了。马大三最终被董汉臣说动，把花屋和董送到了日军宪兵队驻地，以换取粮食。日军宪兵军官酒冢猪吉是花屋的同乡。他表面上对马等人客气，但背后指责花屋让皇军蒙耻并殴打了他。宪兵队整队去马的村子里和村民联欢送粮，酒到酣时却乍露杀机。
No.46,少年派的奇幻漂流,2012,美国 / 中国台湾 / 英国 / 加拿大,英语 / 泰米尔语 / 法语 / 日语 / 印地语 / 汉语普通话,127分钟,9.1,1419928人,故事开始于蒙特娄，也结束于蒙特娄。一名在找寻灵感的作家（拉菲·斯波RafeSpall饰）无意间得知派·帕帖尔（伊尔凡·可汗IrrfanKhan饰）的传奇故事。派的父亲（阿迪勒·侯赛因AdilHussain饰）开了一家动物园。因这样特殊的生活环境，少年派（苏拉·沙玛SurajSharma饰）对信仰与人的本性自有一套看法。在派17岁那一年，他的父母决定举家移民加拿大以追求更好的生活，而他也必须离开他的初恋情人。在前往加拿大的船上，他们遇见一位残忍成性的法国厨师（杰拉尔·德帕迪约GérardDepardieu饰）。当天深夜在茫茫大海中，原本令派感到刺激无比的暴风雨一瞬间就成了吞噬货船的大灾难。派却奇迹般地活了下来，搭着救生船在太平洋上漂流，而且有一名最令人意想不到的同伴——理查德·帕克，一只孟加拉老虎。神奇的冒险旅程就这样意外开始了……
No.47,钢琴家,2002,英国 / 法国 / 波兰 / 德国 / 美国,英语 / 德语 / 俄语,149分钟,9.3,696347人,史标曼（艾德里安•布洛迪AdrienBrody饰）是波兰一家电台的钢琴师。二战即将爆发之时，他们全家被迫被赶进华沙的犹太区。在战争的颠沛流离中，家人和亲戚最终被纳粹杀害，而史标曼本人也受尽种种羞辱和折磨，他侥幸得到一位朋友的帮助，暂时有了藏身之处。战争愈加猛烈，朋友不得不抛下他回老家寻得安全的住所养育儿女。此时史标曼恶病缠身，却还要在搜捕中逃亡。在废墟的阁楼上他遇见了一名德国军官，在军官的要求下他弹奏了钢琴曲。美妙的琴声令德国军官萌发了恻隐之心，他暗暗帮助史标曼直到苏军对波兰的解放到来……影片根据波兰钢琴家瓦拉迪斯罗•斯皮曼(WladyslawSzpilman)的自传体小说《死亡城市》改编。
No.48,指环王2：双塔奇兵,2002,美国 / 新西兰,英语 / 辛达林语 / 古代英语,180分钟,9.2,805040人,第二部在延续第一部风格的同时，故事呈现出多线发展的格局，情节有了更高的观赏性。第一部结尾，博罗米尔被强兽人杀死之后，两个霍比特人皮平和梅利也被强兽人绑架，阿拉贡、精灵莱戈拉斯（奥兰多·布鲁姆饰）、侏儒金利一路追踪强兽人，营救皮平和梅利，遇到了“复活”的白袍巫师甘道夫（伊恩·麦克莱恩饰）。此时，投降索伦的白袍巫师萨鲁曼控制了人类洛汉王国的国王，并派出大量的强兽人军队，准备消灭人类。阿拉贡、莱戈拉斯和金利在甘道夫的带领下，帮助洛汉王国对抗邪恶力量的入侵。幸运的皮平和梅利被会说话的树精救了出来，并且遇到“复活”的甘道夫，在甘道夫的授意下，树精保护了两人的安全，并且带他们参加树精大会，大会上，树精们讨论对待中土大战的态度：是继续当中立者，逆来顺受，还是奋起反抗？身负重任的佛罗多（伊利亚·伍德饰）和山姆继续向末日山脉前进，一路上被咕噜跟踪，弗罗多依靠至尊魔戒的力量，成为了咕噜的主人，在咕噜的带领下，他们到了末日山脉的入口，黑门。就在他们准备进入之时，博罗米尔的弟弟法莫尔出现，将他们带回了刚铎。弗罗多又遇上了新的危机：法莫尔想利用至尊魔戒的力量对抗萨鲁曼的攻击……
No.49,大话西游之月光宝盒,1995,中国香港 / 中国大陆,粤语 / 汉语普通话,88分钟,9.0,1289290人,孙悟空（周星驰）护送唐三藏（罗家英）去西天取经路上，与牛魔王合谋欲杀害唐三藏，并偷走了月光宝盒，此举使观音萌生将其铲除心思，经唐三藏请求，孙悟空被判五百年后重新投胎做人赎其罪孽。五百年后孙悟空化身强盗头头至尊宝。当遇见预谋吃唐僧肉的妖怪姐妹蜘蛛精春三十娘（蓝洁瑛）和白骨精白晶晶（莫文蔚）时，因为五百年前孙悟空曾与白晶晶有过一段恋情，至尊宝与她一见钟情，但因菩提老祖将二人妖怪身份相告，至尊宝仍带领众强盗开始与二妖展开周旋，过程中，白晶晶为救至尊宝打伤春三十娘，自己也中毒受伤，为了救白晶晶，至尊宝去找春三十娘，遭白晶晶误会，绝望自杀，至尊宝开始用月光宝盒以期使时光倒流。
No.50,闻香识女人,1992,美国,英语,157 分钟,9.1,955596人,查理（克里斯•奥唐纳ChrisO'Donnell饰）是一个普通的中学生，他因为见证着一件恶作剧但又不想出卖朋友，于是面临着一道艰难的选择题——要么坦白，要么被学校勒退。而史法兰（阿尔•帕西诺AlPacino饰）是一个退伍军官，因为意外失明，人生从顶点的辉煌滑落谷底。自从两人的人生有了交集，命运的转折慢慢清晰。史法兰打算结束失去了意义的生活，于是在查理的陪伴下，尽情享受着人生最后一趟出行。他吃最美味的佳肴，买光鲜的汽车，在狭窄的街道上飚车，住在豪华的套房里，跟随陌生女子的袅袅香水味，跳一段优雅性感的探戈……极乐的疯狂后，他拿枪对准了自己的头颅。然而，查理声嘶力竭的劝阻改变了一切，曙光亦渐渐在这个老人心中重新升起，二人情深如父子。史法兰在学校礼堂激昂演说，挽救了查理的前途，讽刺了学校的伪善。二人在互相鼓舞中得到重生。
No.51,死亡诗社,1989,美国,英语 / 拉丁语,128 分钟,9.2,802421人,威尔顿预备学院以其沉稳凝重的教学风格和较高的升学率闻名，作为其毕业班的学生，理想就是升入名校。新学期文学老师约翰·基汀（罗宾·威廉姆斯饰）的到来如同一阵春风，一反传统名校的严肃刻板。基汀带学生们在校史楼内聆听死亡的声音，反思生的意义；让男生们在绿茵场上宣读自己的理想；鼓励学生站在课桌上，用新的视角俯瞰世界。老师自由发散式的哲学思维让学生内心产生强烈的共鸣，他们渐渐学会自己思考与求索，勇敢的追问人生的路途，甚至违反门禁，成立死亡诗社，在山洞里击节而歌！基汀教授、基汀老师、基汀队长，他的教育宛若春风化雨，润物无声的留在每个人心里…
No.52,绿皮书,2018,美国 / 中国大陆,英语 / 意大利语 / 俄语 / 德语,130分钟,8.9,1768555人,托尼（维果·莫腾森ViggoMortensen饰）是一个吊儿郎当游手好闲的混混，在一家夜总会做侍者。这间夜总会因故要停业几个月，可托尼所要支付的房租和生活费不会因此取消，所以他的当务之急是去寻找另一份工作来填补这几个月的空缺。在这个节骨眼上，一位名叫唐雪莉（马赫沙拉·阿里MahershalaAli饰）的黑人钢琴家提出雇佣托尼。唐雪莉即将开始为期八个星期的南下巡回演出，可是，那个时候南方对黑人的歧视非常的严重，于是托尼便成为了唐雪莉的司机兼保镖。一路上，两人迥异的性格使得他们之间产生了很多的矛盾，与此同时，唐雪莉在南方所遭受的种种不公平的对待也让托尼对种族歧视感到深恶痛绝。
NULL,NULL,NULL,NULL,NULL,NULL,NULL,NULL,NULL
NULL,NULL,NULL,NULL,NULL,NULL,NULL,NULL,NULL
No.55,黑客帝国,1999,美国,英语,136分钟,9.1,891505人,不久的将来，网络黑客尼奥（基奴李维斯饰）对这个看似正常的现实世界产生了怀疑。他结识了黑客崔妮蒂（凯莉·安·摩丝饰），并见到了黑客组织的首领墨菲斯（劳伦斯·菲什伯恩饰）。墨菲斯告诉他，现实世界其实是由一个名叫“母体”的计算机人工智能系统控制，人们就像他们饲养的动物，没有自由和思想，而尼奥就是能够拯救人类的救世主。可是，救赎之路从来都不会一帆风顺，到底哪里才是真实的世界？如何才能打败那些超人一样的特勤？尼奥是不是人类的希望？这是黑客的帝国，程序和代码欢迎大家的到来。.
NULL,NULL,NULL,NULL,NULL,NULL,NULL,NULL,NULL
NULL,NULL,NULL,NULL,NULL,NULL,NULL,NULL,NULL
No.58,天堂电影院,1988,意大利 / 法国,意大利语,155分钟,9.2,710430人,意大利南部小镇，古灵精怪的小男孩托托（萨瓦特利·卡西欧饰）喜欢看电影，更喜欢看放映师阿尔弗雷多（菲利浦·诺瓦雷饰）放电影，他和阿尔弗雷多成为了忘年之交，在胶片中找到了童年生活的乐趣。好心的阿尔弗雷多为了让更多的观众看到电影，搞了一次露天电影，结果胶片着火了，托托把阿尔弗雷多从火海中救了出来，但阿尔弗雷多双目失明。托托成了小镇唯一会放电影的人，他接替阿尔弗雷多成了小镇的电影放映师。托托（马克·莱昂纳蒂饰）渐渐长大，他爱上了银行家的女儿艾莲娜（阿格妮丝·那诺饰）。初恋的纯洁情愫美如天堂，但是一对小情侣的海誓山盟被艾莲娜父亲的阻挠给隔断了，托托去服兵役，而艾莲娜去念大学。伤心的托托在阿尔弗雷多的鼓励下，离开小镇，追寻自己生命中的梦想……30年后，阿尔弗雷多去世，此时的托托已经是功成名就的导演，他回到了家乡，看到残破的天堂电影院，追忆往昔，唏嘘不已。
NULL,NULL,NULL,NULL,NULL,NULL,NULL,NULL,NULL
NULL,NULL,NULL,NULL,NULL,NULL,NULL,NULL,NULL
No.61,饮食男女,1994,中国台湾 / 美国,汉语普通话 / 闽南语 / 湖南话,124分钟,9.2,669053人,台湾中国菜硕果仅存的大师老朱（郎雄）退休后，渐尝老年生活的诸多尴尬：每周日费心做出的一桌丰盛菜肴，并无将三个女儿（杨贵媚、吴倩莲、王渝文）齐齐拉到饭桌的吸引力，已经长大成人的她们，心里藏了许多比陪父亲吃饭更重要的事；多年老友的突然离世，令他在友情这块也有了缺口；而对厨师来讲最重要的味觉的丧失，则将其彻底推到人生的低谷。三个女儿虽各忙各事，却也操心着老朱的晚年生活，计划着为其找个老伴，但她们没料到老朱早已悄无声息地谈起了“黄昏恋”。吃惊过后，老朱最看重的继承了他做菜天赋的二女儿家倩因为自身的生活经历，对父亲、她与父亲的关系有了新的认识，而对老朱来讲更大的惊喜，还在后面。
No.62,搏击俱乐部,1999,美国,英语,139 分钟,9.0,907323人,杰克（爱德华•诺顿饰）是一个大汽车公司的职员，患有严重的失眠症，对周围的一切充满危机和憎恨。一个偶然的机会，杰克遇上了卖肥皂的商人泰勒（布拉德•皮特），一个浑身充满叛逆、残酷和暴烈的痞子英雄，并因为自己公寓失火而住进了泰勒破旧不堪的家中。两人因缘际会地成为了好朋友，并创立了“搏击俱乐部”：一个让人们不戴护具而徒手搏击，宗旨在于发泄情绪的地下组织。俱乐部吸引了越来越多的人，逐渐发展成为一个全国性的地下组织，而泰勒也以自己个人的魅力，吸引着那些盲目的信徒。俱乐部的成员们到处滋事打架、大肆破坏，泰勒本人的行为也越来越疯狂。杰克对于“搏击俱乐部”的现况及泰勒的行为越来越无法忍受，和泰勒发生争执，泰勒离开了他。然而，杰克发现，他走到何处都无法摆脱泰勒的影子，他开始思考：我到底是谁？
No.63,本杰明·巴顿奇事,2008,美国,英语 / 俄语 / 法语,166分钟,9.0,1046441人,飓风正在侵袭美国新奥尔良，一位病危的老妇睁开了她的睡眼。老妇名叫戴茜（凯特·布兰切特饰），她叫女儿凯若琳（朱莉娅•奥蒙德饰）为她阅读一本日记。这本日记的作者叫本杰明•巴顿（布拉德•皮特饰）。本杰明出生在第一次世界大战停战之时，但生来便像个老人的他被父亲当作怪物，被遗弃在了养老院。本杰明在养老院与老人们一起生活。但谁都没有想到，本杰明逆向发育——越活越年轻！也许“越活越年轻”是某些人的梦想，但真正这样成长的本杰明却有了别人无法理解的烦恼与快乐。穿越半世纪的世界变革，本杰明身处其中，感受别人感受不到的感受。为何母亲会让自己念这本日记？本杰明•巴顿此人与母亲有什么关系？凯若琳陷入了深深的疑惑与好奇之中。
No.64,美丽心灵,2001,美国,英语,135分钟,9.1,814764人,本片是关于20世纪伟大数学家小约翰•福布斯-纳什的人物传记片。小约翰•福布斯-纳什（拉塞尔•克劳）在念研究生时，便发表了著名的博弈理论，该理论虽只有短短26页，却在经济、军事等领域产生了深远的影响。但就在小约翰•福布斯-纳什蜚声国际时，他的出众直觉因为精神分裂症受到困扰，然而这并没阻止他向学术上的最高层进军的步伐，在深爱他的妻子艾丽西亚（珍妮弗•康纳利）的鼓励和帮助下，他走得虽然艰缓，却始终没有停步，而最终，凭借十几年的不懈努力和顽强意志，他如愿以偿。
No.65,穿条纹睡衣的男孩,2008,英国 / 美国,英语 / 西班牙语,94分钟,9.2,606677人,八岁男孩布鲁诺（AsaButterfield饰）一家随着纳粹军官父亲的一纸调令，由柏林搬迁到了乡下。失去了朋友们的布鲁诺很快对新家附近的“农庄”产生了兴趣，那里有一群身穿“条纹睡衣”的人终日忙碌，并且其中一个为布鲁诺一家服务，他形容肮脏，态度慎微。周遭环境和布鲁诺的举止让母亲暗暗担忧，但纳粹父亲制止家中任何怀疑既定政策的行为。布鲁诺偷偷结识了铁丝网另一边的同龄男孩施穆尔，并时常带给他食物吃。在紧张的家庭氛围和姐姐向成人世界的变化中，施穆尔是布鲁诺惟一的朋友。某日布鲁诺决定，去铁丝网的另一边，以便见到施穆尔的父亲……本片根据约翰·伯恩的同名小说改编，获2008年芝加哥国际电影节观众票选奖。
No.66,窃听风暴,2006,德国,德语,137分钟,9.2,601215人,1984年的东德，整个社会笼罩在国家安全局的高压统治之下，特工魏斯曼（乌尔里希·穆埃UlrichMühe饰）奉命监听剧作家德莱曼（塞巴斯蒂安·科赫SebastianKoch饰）及其女友演员克里斯蒂娜（马蒂娜·格德克MartinaGedeck饰）的生活，监听过程中，魏斯曼渐渐对这家人的生活产生了兴趣，开始暗中帮助他们。一篇刊登在西德《明镜》报上的文章引起了特工头目的注意，他们认为这篇文章是德莱曼写的，并逮捕了克里斯蒂娜，希望能够从她口中得出她丈夫的秘密？而审问克里斯蒂娜的正是魏斯曼……
No.67,情书,1995,日本,日语,117分钟,8.9,1203799人,日本神户某个飘雪的冬日，渡边博子（中山美穗）在前未婚夫藤井树的两周年祭日上又一次悲痛到不能自已。正因为无法抑制住对已逝恋人的思念，渡边博子在其中学同学录里发现“藤井树”在小樽市读书时的地址时，依循着寄发了一封本以为是发往天国的情书。不想不久渡边博子竟然收到署名为“藤井树（酒井美纪）”的回信，经过进一步了解，她知晓此藤井树是一个同她年纪相仿的女孩，且还是男友藤井树（柏原崇）少年时代的同班同学。为了多了解一些昔日恋人在中学时代的情况，渡边博子开始与女性藤井树书信往来。而藤井树在不断的回忆中，渐渐发现少年时代与她同名同姓的那个藤井树曾对自己藏了一腔柔情。
No.68,两杆大烟枪,1998,英国,英语,107分钟,9.1,636459人,艾迪（尼克·莫伦）思维敏捷，是个玩牌高手。在三个好友的支持下，艾迪携巨资参加了黑社会的高额赌局，不想落入圈套，欠下50万的赌债。为了还清赌债，艾迪和朋友们绞尽脑汁，最终算计到一群毒贩身上，并为打劫购买了两杆老式烟枪。不想这群不安分的毒贩，正惦念着他们毒品供应商的钱，并在同一天实施了打劫。在毒贩们费尽周折，把毒品供应商熨的整整齐齐的钱款拿到手后，艾迪他们幸运的坐享其成。可是他们不知道，这看似简单的抢劫案背后，更有厉害的角色参与其中。他们手里的两杆破烟枪也隐藏着不少故事。在无知与莽撞中置身漩涡的他们能侥幸脱身么？笑料迭出的偶发事件里，穿插着小人物与大人物的辛酸幽默。
No.69,音乐之声,1965,美国,英语 / 德语,174分钟,9.1,643542人,玛利亚（朱丽·安德鲁斯饰）是一个年轻活泼的修女，喜欢在大自然下高声歌唱，所以她常常忘记了修道院里的规矩。院长认为玛利亚并不属于规矩严格的修道院。院长与众嬷嬷商量后，决定安排玛利亚到一位名叫特拉普（克里斯托弗·普卢默饰）上校家当家庭教师。上校的妻子去世多年，留下7个孩子，他要求对孩子严格管教。他告诉玛利亚在他家的家庭教师都做不长久，都是因为孩子的恶作剧。玛利亚果然也遭到了恶作剧，可是这位善良的老师并没有告诉他们的父亲，而是像个母亲一样照顾孩子，很快跟孩子打成一片。上校也渐渐在玛利亚的引导下改变了对孩子们的态度。上校与玛利亚之间发生了感情，他们完婚后回到了已被纳粹占领的奥地利，上校并不想为纳粹办事，一家人准备逃跑……
No.70,看不见的客人,2016,西班牙,西班牙语,106分钟,8.8,1360202人,艾德里安（马里奥·卡萨斯MarioCasas饰）经营着一间科技公司，事业蒸蒸日上，家中有美丽贤惠的妻子和活泼可爱的女儿，事业家庭双丰收的他是旁人羡慕的对象。然而，野心勃勃的艾德里安并未珍惜眼前来之不易的生活，一直以来，他和一位名叫劳拉（芭芭拉·蓝妮BárbaraLennie饰）的女摄影师保持着肉体关系。某日幽会过后，两人驱车离开别墅，却在路上发生了车祸，为了掩盖事件的真相，两人决定将在车祸中死去的青年丹尼尔联同他的车一起沉入湖底。之后，劳拉遇见了一位善良的老人，老人将劳拉坏掉的车拉回家中修理，然而，令劳拉没有想到的是，这位老人，竟然就是丹尼尔的父亲。
No.71,西西里的美丽传说,2000,意大利 / 美国,意大利语 / 英语 / 拉丁语 / 古希腊语,108分钟,8.9,1038070人,当我还只是十三岁时，1941年春末的那一天，我初次见到了她那一天，墨索里尼向英法宣战，而我，得到了生命里的第一辆脚踏车。她，撩著波浪状黑亮的秀发，穿著最时髦的短裙和丝袜，踏著充满情欲诱惑的高跟鞋，来到了西西里岛上宁静的阳光小镇。她的一举一动都引人瞩目、勾人遐想，她的一颦一笑都教男人心醉、女人羡妒。玛莲娜，像个女神一般，征服了这个海滨的天堂乐园。年仅十三岁的雷纳多也不由自主地掉进了玛莲娜所掀起的漩涡之中，他不仅跟著其他年纪较大的青少年们一起骑著单车，穿梭在小镇的各个角落，搜寻著玛莲娜的诱人丰姿与万种风情，还悄悄地成为她不知情的小跟班，如影随形地跟监、窥视她的生活。她摇曳的倩影、她聆听的音乐、她贴身的衣物都成为这个被荷尔蒙淹没的少年，最真实、最美好的情欲幻想。然而，透过雷纳多的眼，我们也看到了玛莲娜掉进了越来越黑暗的处境之中，她变成了寡妇，而在镇民们的眼中，她也成了不折不扣的祸水，带来了淫欲、嫉妒与忿怒，而一股夹杂著情欲与激愤的风暴，开始袭卷这个连战争都未曾侵扰的小镇。玛莲娜一步步地沉沦，与父亲断绝了关系、被送上法院，更失去了所有的财产，这使得向来天真、不经世事的雷纳多，被迫面对这纯朴小镇中，人心的残暴无情，看著已经一无所有的玛莲娜，雷纳多竟鼓起了他所不曾有过的勇气，决定靠著他自己的力量，以一种教人难以料想的方式，来帮助玛莲娜走出生命的泥沼……
NULL,NULL,NULL,NULL,NULL,NULL,NULL,NULL,NULL
No.73,阿凡达,2009,美国,英语 / 西班牙语,162分钟,8.8,1497023人,战斗中负伤而下身瘫痪的前海军战士杰克·萨利（萨姆·沃辛顿SamWorthington饰）决定替死去的同胞哥哥来到潘多拉星操纵格蕾丝博士（西格妮·韦弗SigourneyWeaver饰）用人类基因与当地纳美部族基因结合创造出的“阿凡达”混血生物。杰克的目的是打入纳美部落，外交说服他们自愿离开世代居住的家园，从而SecFor公司可砍伐殆尽该地区的原始森林，开采地下昂贵的“不可得”矿。在探索潘多拉星的过程中，杰克遇到了纳美部落的公主娜蒂瑞（佐伊·索尔达娜ZoeSaldana饰），向她学习了纳美人的生存技能与对待自然的态度。与此同时，SecFor公司的经理和军方代表上校迈尔斯（史蒂芬·朗StephenLang饰）逐渐丧失耐心，决定诉诸武力驱赶纳美人……本片采用3D技术拍摄，共耗资5亿美元制作发行，是电影史上最为昂贵的作品。本片荣获第82届奥斯卡最佳摄影、最佳视觉效果、最佳艺术指导等3项大奖。
NULL,NULL,NULL,NULL,NULL,NULL,NULL,NULL,NULL
No.75,功夫,2004,中国大陆 / 中国香港,粤语 / 汉语普通话 / 手语,100分钟(3D重映),8.9,1234697人,1940年代的上海，自小受尽欺辱的街头混混阿星（周星驰）为了能出人头地，可谓窥见机会的缝隙就往里钻，今次他盯上行动日益猖獗的黑道势力“斧头帮”，想借之大名成就大业。阿星假冒“斧头帮”成员试图在一个叫“猪笼城寨”的地方对居民敲诈，不想引来真的“斧头帮”与“猪笼城寨”居民的恩怨。“猪笼城寨”原是藏龙卧虎之处，居民中有许多身怀绝技者（元华、梁小龙等），他们隐藏于此本是为远离江湖恩怨，不想麻烦自动上身，躲都躲不及。而在观战正邪两派的斗争中，阿星逐渐领悟功夫的真谛。
No.101,7号房的礼物,2013,韩国,韩语,127分钟,8.9,590973人,1997年，只有6岁儿童智商的智障男子李龙久（柳成龙饰）和可爱的女儿艺胜（葛素媛饰）相依为命，生活虽然简单清贫，却充满幸福。某天，执着为女儿买美少女战士书包的龙久意外卷入一起幼童诱拐奸杀案，而死者竟是警察局长的女儿。龙久懵懂无知，搞不清状况，昏头昏脑就被投入监狱。在7号牢房中，聚集着走私犯蘇杨浩（吴达洙饰）、诈骗犯崔春浩（朴元尚饰）、通奸犯姜万范（金正泰饰）、恐吓犯老徐（金基灿饰）和抢劫犯申奉植（郑万植饰）等五毒俱全的“社会渣滓”。龙久孩子般纯洁的心渐渐感动了这几个“大坏蛋”，他们甚至不惜冒险将艺胜带入牢房与父亲相会。黑暗冰冷的监牢内，7号牢房阳光满满……
No.102,蝙蝠侠：黑暗骑士崛起,2012,美国 / 英国,英语 / 阿拉伯语,165分钟,8.9,769671人,检察官哈维·登特（艾伦·艾克哈特AaronEckhart饰）死后的八年间，哥谭市在戈登警长（加里·奥德曼GaryOldman饰）的努力下有效地遏制了犯罪活动。而蝙蝠侠布鲁斯·韦恩（克里斯蒂安·贝尔ChristianBale饰）因为背负谋杀登特的罪名，被警方通缉，在哥谭市销声匿迹。然而，这看似平静的状态被恐怖分子贝恩（汤姆·哈迪TomHardy饰）的出现打破，他利用猫女（安妮·海瑟薇AnneHathaway饰）偷取布鲁斯的指纹，致使韦恩集团面临破财，布鲁斯被赶出董事会。为了保证韦恩集团投资的能源项目不被坏人利用制造核弹，布鲁斯帮助米兰达（玛丽昂·歌迪亚MarionCotillard饰）成为董事会主席。贝恩接下来一连串精密设计的计划将哥谭市陷入孤绝之境，毁灭之日指日可待。布鲁斯只能再次肩负起拯救哥谭的重任，然而至亲的管家阿福辞职离开、猫女的背叛、贝恩的凶残手段，爱人米拉达的真实面目露出，都让他拯救哥谭的行动变得不可能……
NULL,NULL,NULL,NULL,NULL,NULL,NULL,NULL,NULL
No.104,被嫌弃的松子的一生,2006,日本,日语,130 分钟,8.8,740682人,有一天父亲（香川照之饰）突然来找阿笙（瑛太饰），告诉他有个素未谋面的姑姑死了，叫他去收拾下姑姑的房子。在河边的破烂小屋里，阿笙渐渐开始了解父亲口中的姑姑，到底有着怎样的一生。小时候的姑姑川尻松子（中谷美纪饰）经常做着白雪公主似的美梦，她后来成为一名安分的中学教师，却因百口莫辩的误会被辞退了，之后和一作家同居，作家却因为太爱她而选择自杀，死前留下遗言：生而为人对不起。这件事对松子打击极大；之后与该作家的事业敌人同居直至，又忍受不住去找对方妻子的诱惑，结果惨遭抛弃；又是当上浴室女郎，甚至还杀人入狱，然而不管有意无意，她从不放弃生活的希望。不管生活再怎样破碎，她仍然本能地生存下去，这生存本身，足以打动任何人，包括阿笙。
No.105,爱在黎明破晓前,1995,美国 / 奥地利 / 瑞士,英语 / 德语 / 法语,101分钟,8.8,741852人,美国青年杰西（伊桑·霍克EthanHawke饰）在火车上偶遇了法国女学生塞琳娜（朱莉·德尔佩JulieDelpy饰），两人在火车上交谈甚欢。当火车到达维也纳时，杰西盛情邀请塞琳娜一起在维也纳游览一番，即使杰西翌日便要坐飞机离开。与杰西一见钟情的塞琳娜接受了杰西的邀请。他们一边游览城市，一边谈论着彼此的过去，彼此对生活的感想，两人了解越加深刻。他们非常珍惜这美妙的晚上，这对恋人一起经历了很多浪漫的经历因为他们约定在半年后再见，而此次约会将会在日出之间结束……
No.106,超能陆战队,2014,美国,英语,102分钟,8.8,1081863人,未来世界的超级都市旧京山（SanFransokyo），热爱发明创造的天才少年小宏，在哥哥泰迪的鼓励下参加了罗伯特·卡拉汉教授主持的理工学院机器人专业的入学大赛。他凭借神奇的微型磁力机器人赢得观众、参赛者以及考官的一致好评，谁知突如其来的灾难却将小宏的梦想和人生毁于一旦。大火烧毁了展示会场，而哥哥为了救出受困的卡拉汉教授命丧火场。身心饱受创伤的小宏闭门不出，哥哥生前留下的治疗型机器人大白则成为安慰他的唯一伙伴。原以为微型机器人也毁于火灾，谁知小宏和大白竟意外发现有人在某座废弃工厂内大批量地生产他的发明。稍后哥哥的朋友们弗雷德等人也加入进来，他们穿上小宏发明的超级战士战斗装备，和怀有险恶阴谋的神秘对手展开较量……
No.107,第六感,1999,美国,英语 / 拉丁语 / 西班牙语,107分钟,8.9,597617人,麦克（布鲁斯·威利斯饰）是著名儿童心理学家，却也有始终未能治愈的患者，甚至因此遭到枪击，这名少年随后也饮枪自毙。这给麦克带来很大心理阴影，一年后他找到另一个症状很像这名患者的男孩柯尔（海利·乔·奥斯蒙饰），并耐心的做起了他的医生。柯尔并不容易接近，但麦克还是慢慢赢得了他的信任，得知了柯尔的秘密。原来柯尔有着灵异的第六感，可以看到鬼魂。虽然这令人感到难以置信，但麦克在证实了事情的真相后还是帮助柯尔接受了这个事实。可是就在问题即将得到解决的时候，麦克却在柯尔的引导下，发现了一个更令人震惊的秘密……
No.108,寄生虫,2019,韩国,韩语 / 英语,132分钟,8.8,1461361人,基宇（崔宇植饰）出生在一个贫穷的家庭之中，和妹妹基婷（朴素丹饰）以及父母在狭窄的地下室里过着相依为命的日子。一天，基宇的同学上门拜访，他告诉基宇，自己在一个有钱人家里给他们的女儿做家教，太太是一个头脑简单出手又阔绰的女人，因为自己要出国留学，所以将家教的职位暂时转交给基宇。就这样，基宇来到了朴社长（李善均饰）家中，并且见到了他的太太（赵汝贞饰），没过多久，基宇的妹妹和父母也如同寄生虫一般的进入了朴社长家里工作。然而，他们的野心并没有止步于此，基宇更是和大小姐坠入了爱河。随着时间的推移，朴社长家里隐藏的秘密渐渐浮出了水面。
No.109,重庆森林,1994,中国香港,粤语 / 汉语普通话 / 英语 / 印地语 / 日语,102分钟,8.8,868999人,编号为223的警察（金城武）失恋后患上失恋综合症，在与金发女杀手（林青霞）擦肩而过又离奇相遇并有了一晚温情后，原本以为包括“爱情”在内的所有东西都有保质期的他意外地迎来心灵的短暂温暖。可是，他们的爱情还是结束了。快餐店新来的女招待阿菲（王菲）爱上了时常光顾快餐店的编号为663的警察（梁朝伟），因拆了他的女友（周嘉玲）留在快餐店给他的“分手”信，阿菲知晓了他的心情，偷拿到他的钥匙趁他不在时常潜入他家，一边梦游一边悄悄地改变他的生活，终在被他撞见时令其感受到情感的回归。然而，这才是他们爱情的开始。
No.110,入殓师,2008,日本,日语,130分钟,8.9,709856人,买了昂贵的大提琴，想要成就一番事业的小林大悟（本木雅弘饰），经历了4个月的管弦乐演奏，得到的却是“乐团解散”的噩耗与购买乐器的高昂债务。迫不得已，大悟与妻子美香（广末凉子饰）搬到老屋，过着清贫的日子。某日，一则广告吸引了大悟的注意：NK代理公司，帮助旅行，高薪短工时。大悟来到NK代理公司面试，社长佐佐木生荣（山崎努饰）二话不说就决定聘用大悟，但却对工作内容避而不谈。在大悟的再三追问下，佐佐木社长终于道明：是入殓（日语NouKan）工作！虽然心理上有所忌惮，高额的薪水还是令大悟接受了这份工作。但这样的工作对普通人谈何容易，一方面对遗体的不适，一方面又要对妻友隐瞒自己的工作，小林大悟不平凡的工作就这样开始了。
No.111,爱在日落黄昏时,2004,美国 / 法国,英语 / 法语,80 分钟,8.9,608431人,九年前，杰西（伊桑·霍克EthanHawke饰）与席琳（朱莉·德尔佩JulieDelpy饰）在火车上不期而遇，怦然心动。在维也纳渡过疯狂而又浪漫的一夜后，他们在日出前分手，并相约在维也纳重逢。九年之后，杰西已成为畅销书作家，而席琳则是法国环保组织成员。杰西在新书里娓娓道来的，正是九年前的浪漫夜晚。在巴黎促销新书时，杰西与席琳在书店相遇，然而他们只有一下午的时光相处，日落之前，杰西要乘飞机赶回美国。两人在午后的巴黎街头散步，在美丽的护城河上泛舟，无所不谈，兴致勃勃。可是就像命运的捉弄，快乐的时光像烟花一样醉人却短暂。杰西对席琳一送再送，难以忘情；席琳用吉他和歌声，怀念着内心深处的爱恋。太阳就快落下去了，杰西就要误了飞机，又或许他更不想错过的，是命里注定的缘分。
No.112,请以你的名字呼唤我,2017,意大利 / 法国 / 巴西 / 美国,英语 / 意大利语 / 法语 / 德语 / 希伯来语,132分钟,8.8,776780人,故事发生在八十年代的意大利里维埃拉，每年夏天，十七岁的少年艾力奥（提莫西·查拉梅TimothéeChalamet饰）都会跟家人一起来此地度假。今年，和他们共享假日时光的，还有来自美国的奥利弗（艾米·汉莫ArmieHammer饰），高大英俊热情开朗的奥利弗很快就获得了艾力奥一家人的喜爱。随着时间的推移，艾力奥和奥利弗之间渐渐产生了致命的吸引力，但性别和年龄的桎梏让他们迟迟无法跨出那关键的一步，与此同时，单纯善良的少女马奇娅（艾斯特·加莱尔EstherGarrel饰）也向艾力奥奉献着自己的感情和身体。最终，汹涌的激情冲破了艾力奥和奥利弗之间的防线，两人开始了一段注定不会有结果的恋情。
No.113,幽灵公主,1997,日本,日语,134分钟,8.9,560798人,为了拯救危难中的村民，阿斯达卡的右手中了凶煞神的诅咒。达卡只好离开亲人往西方流浪以寻找解除诅咒的方法。旅途中他遇到了由幻姬大人带领的穷苦村民在麒麟兽的森林里开采铁矿，提炼矿石。白狼神莫娜和她养大的人类女孩“幽灵公主”桑对幻姬恨之入骨，因为她们觉得幻姬带领众人破坏了森林。想帮助人类的阿斯达卡被桑深深吸引，他理解她，但为了帮助穷人又不得不和她作战。一次战斗中，阿斯达卡被麒麟兽所救，他的立场更加摇摆不定。这时，以疙瘩和尚为首的一群人来杀麒麟兽，幻姬以火枪击毙了麒麟，麒麟的头被疙瘩和尚抢走。愤怒的麒麟的灵魂为夺回自己的头，大肆破坏着森林。阿斯达卡和桑联手决定帮麒麟夺回头颅。
No.114,剪刀手爱德华,1990,美国,英语,105分钟,8.7,1081038人,爱德华（约翰尼•戴普饰）是一个机器人，他拥有人的心智，却有一双剪刀手，孤独地生活在古堡里，闯入古堡的化妆品推销员佩格把他带回家，让他走进了人类的世界。单纯的爱德华爱上了佩格的女儿金（薇诺娜•瑞德饰），金也慢慢的被爱德华的善良所吸引。但是，一连串的意外事情让周围的人邻居对爱德华的态度从喜欢变成无法接受，爱德华痛苦地发现，他总是好心办坏事，连自己的爱人都不能拥抱，或许，他注定就不属于这个世界。
NULL,NULL,NULL,NULL,NULL,NULL,NULL,NULL,NULL
No.116,勇敢的心,1995,美国,英语 / 法语 / 拉丁语 / 苏格兰盖尔语,178分钟,8.9,582627人,威廉•华莱士童年时，其父、苏格兰民族英雄马索•华莱士在与英军的斗争中牺牲，他开始接受父亲好友的指导，学习苏格兰文化和武术。青年华莱士（梅尔•吉布森）学成回到故乡，向美丽的少女梅伦求婚，不想梅伦被英军抢去且遭杀害。在广大村民“英雄之后”的呼声中，华莱士率众揭竿起义，并与苏格兰贵族罗伯结成联盟，但不久他发现，苏格兰贵族考虑的只是自身的利益。英王为缓和局势，派伊莎贝拉（苏菲•玛索）前去和华莱士谈判，由于英王只想收买华莱士，根本不顾苏格兰人民的自由和平等，谈判失败，但这一切并不为伊莎贝拉所知。伊莎贝拉归国后发现事情真相，且知晓英王正策划阴招，忙送信给华莱士，而两人的爱情，也在战争与阴谋中悄然滋生。
No.117,菊次郎的夏天,1999,日本,日语,121分钟,8.9,637937人,暑假到来，自幼丧父的小学三年级学生正男（关口雄介饰），如今和奶奶生活在一起，暑假特别无聊。他拿出母亲从外地寄回的信，准备自己一个人去爱知县丰桥市看望母亲。邻居阿姨（岸本加世子饰）发现后，决定帮正男完成心愿。她拿出一笔钱做为旅费，还安排游手好闲的老公菊次郎（北野武饰）陪伴正男一起踏上寻母之途。可是在第一天，菊次郎就把老婆给的钱全部输光，于是两个人只好步行前往爱知。一路搭顺风车，惹了不少麻烦后，菊次郎终于带着正男到了他母亲的家，但小男孩却十分沮丧。归途中，菊次郎努力安慰他，二人过得十分愉快，夏天就这么过去了。
No.118,借东西的小人阿莉埃蒂,2010,日本,日语,94分钟,8.9,592751人,虽然患有心脏方面的疾病，但是少年翔（神木隆之介配音）的父母依然对他疏于呵护。为了准备即将到来的手术，翔来到了位于偏远乡间的姨婆（竹下景子配音）家静养。姨婆家位于一片幽静的丛林中，这是一幢有着上百年历史的欧式别墅。这里除了生活着姨婆和女佣阿春（树木希林配音）外，还有一个奇特的三口之家，“借东西一族”——小人阿莉埃蒂（志田未来配音）和她的爸爸（三浦友和配音）妈妈（大竹忍配音），他们生活在别墅的地板下，只有几公分高，过着不为人类察觉的生活。遇到所需的日常用品时，便会在夜深人静之时偷偷潜入厨房借出来。翔无意中瞥见阿莉埃蒂的身影，他有心接近这些传说中的小人，却不知不觉打扰了他们的生活……本片根据英国作家玛丽·诺顿的原著《借东西的小人》改编，并荣获2011年日本电影学院奖最佳动画片奖。
No.119,未麻的部屋,1997,日本,日语,81分钟,9.1,385865人,当红三人少女偶像团体CharmingBird面临解散，核心成员雾越未麻在事务所的安排下不得不退出团体，转型成为一名电视剧演员。万事开头难，对于偶像歌手转型而来的未麻尤其如此，她在工作中承受着压力，闷闷不乐。与此同时，各种恐吓信不断、经纪人田所先生遇袭以及以自己的口吻在网站上写日记的神秘人都让未麻焦虑不已，恍惚间她甚至看到另一个自己。未麻的苦恼无人知晓，贪婪的田所甚至同意剧组的剧本，要求未麻出演一场尺度极大的强暴戏。这次演出成为未麻演艺事业的转折点，她的出镜率开始攀升，甚至还拍摄了裸露的写真。与此相对，电视剧编剧涩谷和曾给未麻拍下裸照摄影师村野接连遇害。未麻的生活变得混乱不堪，真相究竟如何？本片荣获1997年亚洲奇幻电影节最佳亚洲影片。
No.120,消失的爱人,2014,美国,英语,149分钟,8.7,1019668人,结婚五周年纪念日的早上，尼克·邓恩（本·阿弗莱克BenAffleck饰）来到妹妹玛戈（凯莉·库恩CarrieCoon饰）的酒吧，咒骂抱怨那个曾经彼此恩爱缠绵的妻子艾米（罗莎蒙德·派克RosamundPike饰）以及全然看不见希望的婚姻。当他返回家中时，却发现客厅留下了暴行的痕迹，而妻子竟不见了踪影。女探员朗达·邦妮（金·迪肯斯KimDickens饰）接到报案后赶来调查，而现场留下的种种蛛丝马迹似乎昭示着这并非是一件寻常的失踪案，其背后或许隐藏着裂变于夫妻之情的谋杀罪行。艾米的失踪通过媒体大肆渲染和妄加揣测很快闻名全国，品行不端的尼克被推上风口浪尖，至今不见踪影的爱人对他进行无情审判，你侬我侬的甜言蜜语早已化作以血洗血的复仇与折磨……本片根据吉莉安·弗琳（GillianFlynn）的同名小说改编。
No.121,无人知晓,2004,日本,日语,141分钟,9.1,349755人,新搬来的公寓这家人是母亲惠子（You饰）带着四个孩子：明（柳乐优弥饰）、京子、茂、雪。但母亲却得对周围的人们撒谎说丈夫去海外工作，自己与长子两个人在一起生活。事实是其它三名弟妹是“黑孩子”，因为四个孩子有着各自不同的父亲。他们一直呆在家中，没有去学校上学。在母亲去百货商店工作时，年纪尚小的明就在家中代替母亲行使家长的职责。突然有一天母亲不见了，她把手中仅有的20万日元现金和一张短短的便条留给了孩子们，把弟妹托付给明看管后，就悄然地离家出走。无亲无故，对外面几乎一无所知的四个孩子们，要开始面对新的生活，那实在不是件容易的事情……
No.122,时空恋旅人,2013,英国 / 美国,英语,123分钟,8.8,733510人,Tim（多姆纳尔·格利森DomhnallGleeson饰）21岁了，他的老爸（比尔·奈伊BillNighy饰）告诉他，他们家族的男人都有时光旅行的超能力，可以回到过去。于是Tim将信就疑地试了一下，回到了夏天，在那里他试图改变和暗恋对象的关系，却发现怎么穿越时空都不能让不爱你的人爱上你。之后Tim来到了伦敦，成为了一个律师。他爱上了一个漂亮的姑娘Mary（瑞秋·麦克亚当斯RachelMcAdams饰），他通过几次时空旅行，努力地想成为Mary的男朋友。再后来，他又试图通过时光旅行，去挽回一场失败的话剧，去改善妹妹的生活，去更好地和亲人、朋友相处，度过生命中的每一天。
NULL,NULL,NULL,NULL,NULL,NULL,NULL,NULL,NULL
No.124,倩女幽魂,1987,中国香港,粤语,96分钟,8.8,779446人,书生宁采臣（张国荣饰）收账不成，无处可归，遂夜宿鬼寺兰若寺，遇上侠士燕赤霞（午马饰），二人成为邻居。一日偶遇艳女小倩（王祖贤饰），二人两情相悦，但小倩乃是被树妖姥姥控制的鬼魂，专门迷惑精壮男子代姥姥吸取阳气。小倩见宁采臣心地善良不忍加害，并与他感情逐渐加深。宁采臣欲救小倩脱离姥姥魔掌，但苦于姥姥功力深厚，小倩无法脱离其魔掌。二人遂向燕赤霞求救......
No.125,完美的世界,1993,美国,英语,138分钟,9.1,339426人,单亲孩子菲利普·佩里（T·J·劳瑟T.J.Lowther饰）的母亲对他管教甚严，8岁的小菲利普甚至从未参加过一次鬼节讨糖果的游戏。附近州监狱的两名罪犯越狱成功，劫持了菲利普作为人质，向德州边界逃窜。途中，罪犯之一的布奇（凯文·科斯特纳KevinCostner饰）干掉了鲁莽愚蠢的同伙，却对小菲利普照顾有加。与此同时，德州警探瑞德（克林特·伊斯特伍德ClintEastwood饰）带着手下和州长特派的犯罪专家萨利（劳拉·邓恩LauraDern饰）一同火速追捕布奇。双方在德克萨斯州境内展开了一场公路赛大竞技；而小菲利普也经历了很多从未想过过的刺激与快乐，并与布奇产生了一种近似父子的不寻常感情……
No.151,模仿游戏,2014,英国 / 美国,英语 / 德语,114分钟,8.8,688505人,二战期间，盟军苦于德国的秘密系统“英格玛”无法破译，政府召集了一批民间数学家、逻辑学家进行秘密破解工作，图灵（本尼迪克特·康伯巴奇BenedictCumberbatch饰）就是其中之一。计划刚开始图灵遭到了以休（马修·古迪MatthewGoode）为首的组员和领导的排斥，幸好军情处部长孟席斯（马克·斯特朗MarkStrong饰）帮助他立项研究破译密码的机器，而图灵则变成了负责人，招收了新的成员琼（凯拉·奈特莉KeiraKnightley）开始了艰难的工作。琼很快就迷上了图灵，由于她的帮助所有组员空前的团结，并于两年后成功破解德军的密码。图灵一度与琼订婚，但实际上他隐瞒了一个秘密，因为这个秘密他也遭受了非人的待遇……本片改编自安德鲁·霍奇斯编著的《艾伦·图灵传》，上映后获得了第87届奥斯卡最佳改编剧本奖。
No.152,花样年华,2000,中国香港,粤语 / 上海话 / 法语,98分钟,8.8,660283人,1960年代的香港，报馆编辑周慕云（梁朝伟饰）与太太搬进一间住户多是上海人的公寓，和某家日资公司的贸易代表陈先生与太太苏丽珍（张曼玉饰）成了邻居。因为发现各自在外工作的配偶背着他们有了婚外情，周慕云和苏丽珍开始见面商讨未来可能发生的事情以及相应对策。起初两人是君子之交淡如水就事谈事，可是日子一日接一日过去后，在周围一帮上海邻居的闲言碎语中，他们发现配偶的事早空出了他们的脑袋，彼此眼里只剩下了对方，而刻意回避已生出的感情的结果，是更加刻骨的相思。
No.153,头号玩家,2018,美国,英语 / 日语 / 汉语普通话,140分钟,8.6,1441701人,故事发生在2045年，虚拟现实技术已经渗透到了人类生活的每一个角落。詹姆斯哈利迪（马克·里朗斯MarkRylance饰）一手建造了名为“绿洲”的虚拟现实游戏世界，临终前，他宣布自己在游戏中设置了一个彩蛋，找到这枚彩蛋的人即可成为绿洲的继承人。要找到这枚彩蛋，必须先获得三把钥匙，而寻找钥匙的线索就隐藏在詹姆斯的过往之中。韦德（泰尔·谢里丹TyeSheridan饰）、艾奇（丽娜·维特LenaWaithe饰）、大东（森崎温饰）和修（赵家正饰）是游戏中的好友，和之后遇见的阿尔忒弥斯（奥利维亚·库克OliviaCooke饰）一起，五人踏上了寻找彩蛋的征程。他们所要对抗的，是名为诺兰索伦托（本·门德尔森BenMendelsohn饰）的大资本家。
NULL,NULL,NULL,NULL,NULL,NULL,NULL,NULL,NULL
No.155,射雕英雄传之东成西就,1993,中国香港,粤语,113分钟(香港),8.7,679494人,金轮国王妃（叶玉卿饰）与表哥欧阳锋（梁朝伟饰）有染，为霸占江山，他们毒死了国王，但没找到传国玉玺。得知玉玺在前往九宫山找寻其师父求助的三公主（林青霞饰）手里后，欧阳锋企图抢到手但没成功。糊涂国师（张曼玉饰）在淫威下屈服，查出三公主的具体下落，欧阳锋乘火箭金靴追赶，却误脱落一只插死刚出关的王重阳（钟镇涛饰），奄奄一息的王重阳恳求适逢路过的三公主找到其师弟周伯通（刘嘉玲饰）代为报仇。逃到九宫山的三公主邀得师弟黄药师（张国荣饰）与师妹（王祖贤饰）相助，再加上前来寻找表妹的洪七（张学友饰）、找到真心人才能成仙的段智兴（梁家辉饰），一场与欧阳锋的生死恶战蓄势待发……
No.156,七武士,1954,日本,日语,207分钟,9.3,214659人,日本战国时代，一小山村面临着山贼的威胁，为了保护秋天的收成，村中长老决定让去请武士来保护村子安全，但只能拿出的报酬是一天三顿的白米饭。在城里，他们遭到了武士白眼甚至被打。直到勘兵卫（志村乔饰）的出现，他现今已沦为浪人，几经考虑最后答应了。他对农民说至少需要七名武士，于是久藏（宫口精二饰）、胜四郎（木村功饰）、五郎（稻叶义男饰）、七郎（加东大介饰）、平八（千秋实饰）和菊千代（三船敏郎饰）等六人也加入了队伍，七个人肩负保卫村子的任务。整个防御准备的过程中，武士与农民间发生许多摩擦也闹出不少笑话。而在一次偷袭行动中，有武士为救农民被火枪打死，很快山贼的反扑随之而来，一场恶战即将开始。
No.157,惊魂记,1960,美国,英语,109分钟,9.0,327101人,年轻的马里恩·克兰（珍妮特·利饰）在Phoenix工作，深受老板洛厄里（沃恩·泰勒饰）信任。男友萨姆·卢米斯（约翰·加文饰）在Fairvale经营一家五金店，因要替亡父还债又要支付前妻赡养费而无力再婚，只能借出差的机会偶尔来与马里恩幽会。马里恩对此感到不满，于是在周五下午趁机携四万美元公款驾车潜逃。可是马里恩的潜逃之路并不顺利：先是在出城的时候被洛厄里目击，周六一大早又被警察怀疑。花了七百美元以旧车换新车之后，马里恩继续忐忑地行驶。入夜后，天降大雨，视线模糊，无法行驶，马里恩只得将车泊入路边的贝茨汽车旅馆投宿。老板诺尔曼（安东尼·珀金斯饰）十分友善，试图邀请马里恩到家里共进晚餐，可惜被凶恶的母亲粗暴阻止，只得将晚餐端至旅馆客厅。马里恩在客厅一边进餐一边与诺尔曼交谈，终于决定周日返回Phoenix。用餐完毕，马里恩回房沐浴。这时，一个老妇的身影突然出现在卫生间……
No.158,我是山姆,2001,美国,英语,132 分钟,9.0,358252人,在星巴克工作的山姆（西恩•潘SeanPenn饰），虽已成人，但智力水平只有7岁。一次偶然，他收留了一个流浪女。该女子帮山姆生下了一个女儿后消失得无影无踪。他给女儿取名叫露西（达科塔•范宁DakotaFanning饰），因为他最喜欢甲壳虫乐队的《天空中戴钻石的露西》。他非常疼爱自己的孩子。露西在山姆的细心呵护下慢慢地长大了，她发现爸爸不能看懂稍微复杂一些的故事。她在拒绝长大，希望和爸爸一样。父女俩的生活是那么幸福。地区的教育官员发现了这个特殊的家庭，他们认为山姆没有能力照顾露西，于是把露西带走了。伤心极了的山姆一心要挣回露西的抚养权，于是他自以为是的去找该地区最好的律师……
NULL,NULL,NULL,NULL,NULL,NULL,NULL,NULL,NULL
No.160,阳光姐妹淘,2011,韩国,韩语,124分钟,8.8,613525人,25年前，高中生任娜美（沈恩京饰）一家从全罗道搬到汉城，娜美入读真德女子高中，因方言浓重怯于开口的娜美幸运的得到了同班大姐头夏春花（姜索拉饰）的维护，并与围绕在夏春花周围的执着于双眼皮的金玫瑰、满嘴脏话的黄珍熙、梦想成为作家的徐金玉、要成为韩国小姐的俞福姬以及沉默傲慢的美人郑秀智等五人结识。在一次和不良少女团对决之后，春花和娜美等七人组成了“Sunny”团体……多年以后，家庭主妇娜美在去医院探望母亲时偶然重逢了身患绝症住院的春花，后者希望在生命的最后两个月内，能够再见当年的Sunny成员。娜美找到金玫瑰，两人委托私家侦探寻找当年的同伴，而那些关于青春的回忆，也在一个个熟悉的名姓后面再次被唤醒。
No.161,恐怖直播,2013,韩国,韩语,97分钟,8.7,693877人,韩国首尔某个平凡的早上，广播电台DailyTopic节目的主持人尹英华（河正宇饰）正就税率改革与听众进行连线，这时一个自称住在首尔昌信洞的普通工人朴鲁圭打入电话，大肆抱怨超高的电费和相关部门对他的威胁。尹英华颇不耐烦，以偏离主题为由强行切断电话。谁知连线无法单方面由电台方面中断，愤怒的朴鲁圭继续抱怨，并扬言炸掉汉江大桥。尹英华不以为然，进而怂恿对方想做就做，谁知话音刚落，窗外的麻浦大桥便炸作废墟。大惊失色的尹英华很快冷静下来，他决定利用这次难得的机会打一次事业的翻身仗。在他的主持下，针对恐怖分子的连线直播就此展开，无关良知的节目拉开帷幕……
No.162,你的名字。,2016,日本,日语,106分钟,8.5,1510669人,在远离大都会的小山村，住着巫女世家出身的高中女孩宫水三叶（上白石萌音配音）。校园和家庭的原因本就让她充满烦恼，而近一段时间发生的奇怪事件，又让三叶摸不清头脑。不知从何时起，三叶在梦中就会变成一个住在东京的高中男孩。那里有陌生的同学和朋友，有亲切的前辈和繁华的街道，一切都是如此诱人而真实。另一方面，住在东京的高中男孩立花泷（神木隆之介配音）则总在梦里来到陌生的小山村，以女孩子的身份过着全新的生活。许是受那颗神秘彗星的影响，立花和三叶在梦中交换了身份。他们以他者的角度体验着对方的人生，这期间有愤怒、有欢笑也有暖心。只是两人并不知道，身份交换的背后隐藏着重大而锥心的秘密……本片为2016年度日本本土影片票房冠军。
No.163,黑客帝国3：矩阵革命,2003,美国,英语 / 法语,129 分钟,8.8,472797人,第二集中，尼奥（基努·里维斯KeanuReeves饰）没有能从内部摧毁“母体”，他的身体在真实世界的飞船上陷于昏迷，思想却被困在介于“母体”和真实世界的中间地带，这个地方由“火车人”控制。墨菲斯（劳伦斯·菲什伯恩LaurenceFishburne饰）和崔妮蒂（凯瑞-安·莫斯Carrie-AnneMoss饰）等人知道了尼奥的情况，在守护天使的带领下，找到了“火车人”的控制者梅罗纹奇，经过一番激斗，将尼奥救了出来。此时，电子乌贼部队对锡安发起了猛烈的攻击，人类组织所有机甲战士展开顽强的抵抗，形势危在旦夕；尼奥和崔妮蒂驾驶了一艘飞船克服重重困难，到达机器城市，尼奥终于见到了机器世界的统治者“机器大帝”，双方谈判并达成了协议：尼奥除掉不受“母体”控制的史密斯，以换取锡安的和平。在“母体”中，尼奥和史密斯展开了关系人类生死存亡的最后决斗。
No.164,三块广告牌,2017,英国 / 美国,英语,115分钟,8.7,872983人,米尔德雷德（弗兰西斯·麦克多蒙德FrancesMcDormand饰）的女儿在外出时惨遭奸杀，米尔德雷德和丈夫查理（约翰·哈克斯JohnHawkes饰）之间的婚姻因此走到了尽头，如今，她同儿子罗比（卢卡斯·赫奇斯LucasHedges饰）过着相依为命的生活。一晃眼几个月过去了，案件仍然没有告破预兆，而警方似乎早已经将注意力从案子上转移了开来。被绝望和痛苦缠绕的米尔德雷德租下了高速公路边上的三块巨型广告牌，在上面控诉警方办案无能，并将矛头直接对准了警察局局长威洛比（伍迪·哈里森WoodyHarrelson饰）。实际上，威洛比一直隐瞒着自己身患绝症命不久矣的事实。因为这三块广告牌，米尔德雷德和威洛比的生活发生了翻天覆地的变化。
No.165,心迷宫,2014,中国大陆,汉语普通话,110分钟(中国大陆),8.8,572546人,河南中原某个平凡的小山村，清早起来突然多出一具烧焦的尸体，这个消息很快传遍全村。村中妙龄女孩黄欢（罗芸饰）同时失踪，由于弟弟被黄欢甩掉后酗酒意外身亡，王宝山前一日当众宣称要让黄欢偿命。因此，众人一度以为这是女孩的尸体。可是尸体的男性特征又打破了这个猜测。紧接着，尸体身上发现未烧毁的身份证，其身份指向了村花丽琴（孙黎饰）的丈夫陈自立。哪曾想葬礼进行中途，丽琴又接到另一处打来的电话，通知她其丈夫意外身亡。这一次，焦尸的身份再度变得扑朔迷离。一向正气凛然的村长（霍卫民饰）试图查明真相，然而却朝着更为黑暗的方向沉了下去……
No.166,电锯惊魂,2004,美国,英语,103分钟,8.7,574697人,一觉醒来的亚当（雷•沃纳尔LeighWhannell饰）发现自己被困在一个废弃的厕所里。他的对面是同样命运的劳伦斯（加利•艾尔维斯CaryElwes饰）——他们被人用铁链绑住了腿，并吃惊发现二人中间横亘着一个恐怖的死人。死人鲜血淋漓，左手拿录放机右手拿枪。亚当兜里被人放进来一盘磁带，他赶紧放到录放机里。磁带里说，劳伦斯必须在今晚6点前杀死亚当，否则二人将同归于尽，劳伦斯的家人也不能幸免。而面前死人流出来的血，剧毒无比。一个血腥的死亡游戏开始了。在剩下不多的时间里，他们必须找到线索，逃出地狱。在最后关头，当他们以为重见天日的时候，新一轮的噩梦才刚刚开始。
No.167,达拉斯买家俱乐部,2013,美国,英语 / 日语,117分钟,8.8,481088人,1985年美国达拉斯市，恐同的德州电工罗恩·伍德鲁夫（马修·麦康纳MatthewMcConaughey饰）发现自己患上“同志病”——艾滋，生命只剩30天。他使用的AZT（叠氮胸苷）是当时美国药管局唯一批准面市的抗艾药物，但毒性极大。为了活下去，罗恩开始研究各种抗艾处方和替代疗法，甚至走私来自世界各地未经批准的药物。在医生萨克斯（詹妮弗·加纳JenniferGarner饰）和异装癖同性恋雷蒙（杰瑞德·莱托JaredLeto饰）的帮助下，罗恩开始成立了一个叫做“达拉斯买家俱乐部”的地下组织，为艾滋病人提供更多“非常规疗法”，很多患病的男同性恋亦求助于他。他的举动自然受到了药管局和药商的阻挠和施压。罗恩最终在1992年9月去世，离他被告知只剩30天可活已经过去了2557天。在这近7年时间里，他坚持不懈的与病魔、与药管局及制药商进行艰苦的斗争，享受真正活过的人生......本片根据真人真事改编，讲述一个绝症病人如何努力求生并拯救成千上万面临同样境遇的人的故事，提名金球奖剧情类最佳男主/男配以及获得大小29个奖项。
No.168,小丑,2019,美国 / 加拿大,英语,122分钟,8.7,1076462人,湿冷无望的哥谭市，卑微的亚瑟·弗兰克（华金·菲尼克斯JoaquinPhoenix饰）依靠扮演小丑赚取营生。与之相依为命的母亲患有精神疾病，而亚瑟深记母亲的教诲，无论遭受怎样的挫折都笑对人生，却因此让自己背负着莫大的压力，濒临崩溃。他梦想成为一名脱口秀演员，怎奈生活一次次将失望狠狠地砸在他的头上。不仅如此，他因意外丢掉了工作，偶然瞥见母亲的秘密，又使他心中燃起对那个与之地位悬殊却从未谋面的父亲的殷切渴望。命运习惯了事与愿违，空荡荡的地铁内，悲伤的小丑在无法自已的癫狂笑声中大开杀戒……本片荣获第76届威尼斯电影节金狮奖。
No.169,疯狂原始人,2013,美国,英语,98分钟,8.7,882113人,原始人咕噜一家六口在老爸Grug（尼古拉斯·凯奇NicolasCage配音）的庇护下生活。每天抢夺鸵鸟蛋为食，躲避野兽的追击，每晚听老爸叙述同一个故事，在山洞里过着一成不变的生活。大女儿Eep（艾玛·斯通EmmaStone配音）是一个和老爸性格截然相反的充满好奇心的女孩，她不满足一辈子留在这个小山洞里，一心想要追逐山洞外面的新奇世界。没想到世界末日突然降临，山洞被毁，一家人被迫离开家园，展开一场全新的旅程。离开了居住了“一辈子”的山洞，展现在他们眼前的是一个崭新绚丽却又充满危险的新世界，到处都是食人的花草和叫不出名字的奇异鸟兽，一家人遇到了全所未有的危机。在旅途中，他们还遇到了游牧部落族人Guy（瑞恩·雷诺兹RyanReynolds配音），他有着超凡的创造力和革新思想，帮助咕噜一家躲过了重重困难，途中他还发明了很多“高科技”产品，并让他们知道了原来生活需要“用脑子”，走路需要“鞋子”等等。一行人在影片中展开了一场闹腾而又惊险的旅程。
NULL,NULL,NULL,NULL,NULL,NULL,NULL,NULL,NULL
No.171,心灵奇旅,2020,美国,英语,101分钟,8.7,1060969人,究竟是什么塑造了真正的你？电影将聚焦乔伊·高纳（杰米·福克斯配音）。这位中学音乐老师获得了梦寐以求的机会——在纽约最好的爵士俱乐部演奏。但一个小失误把他从纽约的街道带到了一个奇幻的地方“生之来处”（theGreatBefore）。在那里，灵魂们获得培训，在前往地球之前将获得他们的个性特点和兴趣。决心要回到地球生活的乔伊认识了一个早熟的灵魂“二十二”（蒂娜·菲配音），二十二一直找不到自己对于人类生活的兴趣。随着乔伊不断试图向二十二展示生命的精彩之处，他也将领悟一些人生终极问题的答案。
No.172,背靠背，脸对脸,1994,中国大陆 / 中国香港,汉语普通话,148分钟,9.5,156996人,王双立（牛振华饰）是某地文化馆的代馆长，这个馆长一代就是好几年，想升也升不上去，却也没有其他变动。不料一天，来了新的文化馆长老马（雷恪生饰），这让王双立离正馆长的距离更远了。新馆长老马原是个副乡长，王双立认为他是个土包子，心里很是不以为然，利用自己对文化馆人际关系熟悉的优势，想方设法给老马出难题。经过几轮较量，老马终于被挤走，王双立又成了代馆长，再次受领导重用，岂料，螳螂捕蝉黄雀在后，秘书小阎（李强饰）成了新一任馆长。王双立不甘心，再次和小阎斗法，想将对方挤走，这次王双立还能如愿与偿吗？电影《背靠背，脸对脸》获得第二届大学生电影节最佳故事片和最佳男主角奖、东京国际电影节最佳男主角奖、第15届金鸡奖最佳导演和最佳合作片奖、第14届香港电影金像奖十大华语片。
No.173,上帝之城,2002,巴西 / 法国,葡萄牙语,130分钟,9.0,318050人,巴西里约热内卢的贫民窟，这里是“上帝之城”，更是魔鬼也会叹息着转身的地方。阿炮（AlexandreRodrigues饰）带着我们到了这里，他见证了这里二十多年来被残暴、贪婪、复仇、野心、背叛、掠夺所裹挟的混乱生活以及最终导致的一场灾难性的黑帮争斗。虽然从小就要辗转于匪徒间求生存，但胆小怕事的性格与自我保护的本能却使他一直能平安度日。60年代初，阿毛、阿夹和阿呆是这里的“少年三侠”，在抢劫完旅馆之后，他们三人分道扬镳，阿夹重回上帝的怀抱，而阿呆和阿毛纷纷付出了生命的代价。70年，当年“少年三侠”手下的小弟小豆子（DouglasSilva饰）靠着自己的心狠手辣，不停地吞并别人的地盘，成为了贫民区的“小霸王”，生意也从抢劫升级到了更为暴利的毒品买卖，和他一起飞黄腾达的还有班尼（PhellipeHaagensen饰）。班尼认识了美丽的安迪丽卡（AliceBraga饰），准备归隐，在送别的晚会上，他意外被对头杀害，悲痛之下，“小霸王”集合人手给班尼报仇，帮派之间的厮杀就此开始。此时的阿炮，机缘巧合下成为了杂志社的见习摄影师，他的相机，照下的却是孩子们持枪荷弹的狰狞，和帮派间无休无止的仇杀。
No.174,绿里奇迹,1999,美国,英语 / 法语,189 分钟,8.9,361409人,狱监保罗（汤姆•汉克斯TomHanks饰）这天迎来了一位不平凡的杀人犯――约翰•考夫利（迈克•克拉克•邓肯MichaelClarkeDuncan饰）。约翰因杀了两名幼女被判死刑来到了这座著名的冷山监狱，监狱里有一片称为“绿里”的绿地，绿地那头就是刑场。约翰不仅不像想象中的凶残，相反，他出奇的温厚、机智。约翰的到来给狱中的各人带来了天翻地覆的变化：为老囚犯特里沃的小老鼠注入了生命的强度，给特里沃最后的人生带来最后的慰籍；神奇的拯救了被病痛折磨的保罗和马琳达；将金保斯从死神手中拉了回来……保罗这些天也从约翰身上看到了人生的真谛。约翰行刑的那天终于到了。
No.175,爱在午夜降临前,2013,美国 / 希腊,英语 / 希腊语 / 法语,109分钟,8.9,439136人,被影迷奉为爱情圭臬的《爱在黎明破晓前》、《爱在日落黄昏时》终于迎来了第三部《爱在午夜降临前》。第一部中美国青年杰西（伊桑·霍克EthanHawke饰）坐火车邂逅法国女孩赛琳（朱莉·德尔佩JulieDelpy饰），两人在维也纳度过难忘一晚；9年后的第二部，杰西已成为作家，他的小说让他和赛琳在巴黎重逢，两人于日落前再续前缘。如今又一个9年过去了，杰西与赛琳已经一起生活并有了一对双胞胎女儿，对人生和爱情也有了更多感悟。《爱在午夜降临前》就是撷取他们在希腊伯罗奔尼撒南部小岛度假的最后一天。导演理查德·林克莱特和两位主演就像与影迷在赴一个每9年的约会，尽管三部曲的制作跨度长达18年，但故事情节几乎可以写在一张纸的背面。电影惯于只用人与人的对话讲述故事，两位主人公或行走在静谧的村落，或悠然坐在露台和餐桌前，不断的讨论着文学、爱情、生活、两性等话题。然而与前两部不同的是，随着他们终于走到一起，爱情的浪漫也开始被生活的日常琐碎和彼此相处的实用性取代，吵架拌嘴也随之而来。如何在“婚姻”的面纱下维持爱情？电影将18年的感情铺开，再徐徐化解那些小小的怨念，呈现爱情最真实动人一面。
NULL,NULL,NULL,NULL,NULL,NULL,NULL,NULL,NULL
No.177,英雄本色,1986,中国香港,粤语 / 汉语普通话 / 英语,95分钟,8.6,575266人,香港某个国际伪钞集团重要分子宋子豪（狄龙饰）和Mark（周润发饰）情同手足，某次宋子豪带手下谭成（李子雄饰）去台北交易时被其出卖受枪伤被捕入狱，为替好兄弟报仇，Mark孤身赴台，结果被人打成瘸子，江湖地位自此一落千丈，而宋子豪的父亲也在不久丧命。一向视宋子豪为偶像的宋子杰（张国荣饰）得知哥哥的真实身份后，对黑社会及他恨之入骨，立誓利用警察身份将黑帮势力斩草除根，宋子豪出狱后不顾苦等他想重创辉煌的Mark的劝阻，决心弃暗投明，无奈得不到宋子杰的谅解。而此时已成帮会老大的谭成欲找宋子豪再合作，遭拒绝后放言会害宋子杰，被逼走投无路，宋子豪决定再与Mark连手共抗强敌。
No.178,风之谷,1984,日本,日语,117分钟,8.9,375472人,工业文明的高度发展，却最终带来灾难，一场为期7天的虫族毁灭战争摧毁了人类文明。一千年后，工业文明遗留下来的症结仍在困扰这个星球。带有强烈毒性的植物组成了令人望而却步的“腐海”森林，随着时间的推移，腐海有条不紊地向四周蔓延，蚕食周边世界。在一片腐海森林的旁边，居住着一群御风而行的人类。女主角娜乌茜卡和族人依靠海风的力量抵御着有毒孢子的侵蚀，过着平静祥和的生活。直到某一天，战火烧到了这里。西方强国特洛梅意欲重新建立人类霸权，他们计划统一周边诸国，然后向虫族发起总攻。另一方面，一千年前曾主导摧毁人类的上古怪兽“猛怪”重现人间。毁灭战争一触即发，人类的命运将会如何……本片根据宫崎骏同名漫画改编，并分获1985年罗马奇幻电影节和1985年电影旬报最佳影片奖、1985年每日电影大藤信郎奖。
No.179,无间道2,2003,中国香港,粤语 / 英语 / 汉语普通话 / 泰语,119分钟,8.8,525618人,1991年，香港黑帮龙头倪坤被杀，倪氏家族旗下五大头目中除韩琛（曾志伟）外，均伺机背叛发难，不料却被倪家不起眼的第二代倪永孝（吴镇宇）不费一兵一卒牵制，此举引来重案祖督察黄志诚（黄秋生）的戒心，使其派出警校学生陈永仁（余文乐）渗入倪家进行长期的卧底工作，而韩琛为了巩固势力，早在警察内部安插了线人刘建明（陈冠希）。三年后，事业蒸蒸日上的倪永孝为安枕无忧，决意将五大头目一举歼灭，却因疏忽让韩琛成为漏网之鱼。1997年，大难不死的韩琛重出江湖，为替死去的同事报仇，黄志诚找到他商议合作除掉倪永孝的事宜，不久却发现此举铸成大错，而各自为自己的尴尬身份苦恼的陈永仁和刘建明，则在无间道的路上越行越远。
No.180,疯狂的石头,2006,中国大陆 / 中国香港,汉语普通话 / 重庆话,106分钟(香港),8.6,877131人,重庆一间工艺品厂已经濒临倒闭，却不料在拆倒旧厂房的时候，发现了厕所里的一件宝物——一块价值连城的翡翠。厂里决定用这块翡翠举办一个展览，赚些钱发拖欠了几个月的工人工资。期间由工艺品厂保卫科长包世宏（郭涛饰）负责看守这件宝物。但是，国际大盗麦克与本地一帮小偷却让包世宏一筹莫展，他们各施其技接近翡翠，展览馆开始了一场明争暗斗的较量。黑色幽默也开始幕幕上演。翡翠的价值几何？最后谁是胜出者？事情远没有表面那么简单……
No.181,纵横四海,1991,中国香港,粤语 / 汉语普通话 / 客家话 / 英语 / 法语,108分钟,8.8,452264人,砵仔糕（周润发饰）、阿占（张国荣饰）和红豆（钟楚红饰）均是孤儿，在养父（曾江饰）栽培下成为国际大盗。长大后成了帮他赚钱的艺术品大盗，而三人同时又认了警察（朱江饰）为干爹。法国巴黎博物馆内，名画《赫林之女仆》被人盗走。与此同时，阿海、阿占和红豆三人以敏捷身手盗得另一幅名画，在与法国大哥交易时得知名画《赫林之女仆》在妖气重重的古堡内，他们在曾江安排下成功地盗取此画之后，反被集团原凶曾江与法国大哥合谋设下陷阱，派人追杀灭口。阿海驾车与杀手快艇相撞……三人失散，数年后，他们在香港重聚，阿海“瘫痪”住在朱江家里，阿占和红豆已经结婚了。曾江又逼他们去偷画……
No.182,2001太空漫游,1968,英国 / 美国,英语 / 俄语,149分钟,8.9,364096人,这部影片是库布里克花了四年时间制作的充满哲学命题的鸿篇巨制。一块大黑石树立在史前人类的面前，他们刚刚开始认识工具，进入到进化的里程碑。同样的黑石还在宇宙多处出现，它们矗立在月球上，漂浮在太空中，带着某种神秘的寓意。现在的时间是2001年，为了寻找黑石的根源，人类开展一项木星登陆计划。飞船上有冬眠的三名宇航员，大卫船长（凯尔·杜拉KeirDullea饰）、富兰克飞行员（加里·洛克伍德GaryLockwood饰），还有一部叫“HAL9000”的高智能电脑。HAL在宇宙飞行过程中发生错乱，令到富兰克和三名冬眠人员相继丧命，剩下波曼和这台电脑作战。从死亡线上回来的大卫一气之下关掉主脑系统，HAL彻底失效。现在，茫茫宇宙中只剩大卫一人，向木星进发。穿越瑰异壮观的星门，大卫仿佛去到一个奇特的时空，那里有人类无尽的生死轮回和宇宙的终极知识……
NULL,NULL,NULL,NULL,NULL,NULL,NULL,NULL,NULL
No.184,卢旺达饭店,2004,英国 / 南非 / 意大利 / 美国,英语 / 法语,121分钟,8.9,350292人,1994年卢旺达宣布独立后，胡图族与图西族两部族之间矛盾重重，多次发生冲突，战事持续不断。胡图族大肆屠杀图西族人，在这种背景下，卢旺达饭店经理保罗一直四面奔走，最终成功挽救了饭店里一千多名图西族和胡图族难民。
No.185,记忆碎片,2000,美国,英语,113分钟,8.7,638278人,当记忆支离破碎后，你该怎样面对生活？本片的主人公就遭遇了这样的事情。莱纳•谢尔比（盖伊•皮尔斯饰）在家遭到歹徒的袭击，妻子被残忍的奸杀，自己脑部也受到严重的伤害。醒来后，他发现自己患了罕见的“短期记忆丧失症”，他只能记住十几分钟前发生的事情，为了让生活继续下去，更为了替惨死的妻子报仇，他凭借纹身、纸条、宝丽来快照等零碎的小东西，保存记忆，收集线索，展开了艰难的调查。调查中，莱纳遇上粗俗的酒吧女招待娜塔莉娅(凯瑞•安妮•莫斯饰)，她似乎知道一些莱昂纳多感兴趣的事；还有泰迪(乔•潘托利亚诺饰)，自称是他以前好朋友，但看上去鬼鬼祟祟的，不怀好意。到底谁能相信？娜塔莉娅？泰迪？还是他自己？抽丝剥茧之后，真相呼之欲出，简单之至却又残酷无比，而莱纳是否有面对这一切的勇气？
NULL,NULL,NULL,NULL,NULL,NULL,NULL,NULL,NULL
No.187,无敌破坏王,2012,美国,英语,101分钟,8.7,578649人,无敌破坏王（约翰·C·赖利JohnC.Reilly配音）生活在一个80年代出品的低精度游戏中。他的设定身份是一个反派，每天的生活就是在游戏《快手阿修》中大搞破坏，其后由玩家操作的英雄人物快手阿修（杰克·麦克布瑞尔JackMcBrayer配音）会及时赶到进行修补，赢得奖牌，包揽一切荣耀。身为反派，破坏王厌倦了自己的生活，眼看阿修被胜利者的光环围绕，自己却日复一日在无趣中过活，他终于决定改变。单纯的他以为只要自己也能得到一枚奖牌，就可以摆脱反派的身份，于是某日在游戏厅歇业后，破坏王偷偷离开了自己的游戏，前去闯荡其他电子游戏的世界。在途中，破坏王结识了来自《英雄使命》的冷酷队长（简·林奇JaneLynch配音）和来自90年代糖果赛车游戏《甜蜜冲刺》的小女孩云妮（萨拉·丝沃曼SarahSilverman配音）。后者梦想着能上场比赛，但其身份也不允许她梦想成真。破坏王所属的游戏《快手阿修》由于失去了他被认定为系统错误，如不尽快返回，则游戏就会被永久删除；而《甜蜜冲刺》的游戏世界则在悄悄酝酿着一场巨大的、威胁到整个游戏世界的阴谋。这也许是无敌破坏王实现梦想的机会，但也可能是一条不归路……他可以扭转乾坤，成为一名真正的英雄吗？
No.188,岁月神偷,2010,中国香港 / 中国大陆,粤语 / 汉语普通话 / 英语 / 上海话 / 法语,117分钟,8.7,595239人,60年代的香港，风云变幻。一面要忍受港英政府的压制，一面又受到内地运动的波及，更要面对不时登陆的台风暴雨。老字号的永利街就处在这样一个风暴的旋涡中心。鞋匠罗一家四口，在街尾以做鞋为生。罗先生（任达华饰）做得一手好鞋，在那个混乱的年代仅能养家糊口；罗太太（吴君如饰）为人辛辣直率，人称“侠盗罗嫂”。大儿子罗进一（李治廷饰）16岁，品学兼优，是运动会的冠军，全家人的希望，也是永利街的骄傲；小儿子罗进二（钟绍图饰）8岁，在父母溺爱之下，天性顽劣，出了名的顽皮整蛊……一家人艰难度日，也算其乐融融。然而大儿子与富家小姐芳菲（蔡颖恩饰）之间一段纯美的初恋、一场扫荡整个香港的飓风暴雨、更有一场潜伏已久的噩梦，让这个普通家庭的平安幸福在一夜之间陡生变故、支离破碎……面对岁月这个最大的“神偷”，顽强不屈的人该如何去抵抗？2010第60届柏林电影节“新生代单元”最佳影片水晶熊奖，第29届香港电影金像奖最佳编剧、最佳男主角、最佳新演员、最佳原创电影歌曲4项大奖。
No.189,冰川时代,2002,美国,英语 / 克罗地亚语,81分钟,8.6,652938人,冰河时期降至，动物们都急着迁徙到温暖的地方及储存食物。长毛象曼弗瑞德、树獭希德、剑齿虎迪亚戈为了帮助一个人类的婴儿回到父母身边，因而也掉了动物们迁徙的队伍。三只性格各异的动物，觉得集合力量帮助婴儿。一路上，善良的曼弗瑞德总觉得迪亚戈心怀鬼胎，想吃掉婴儿，互相猜疑。他们一起经历了无数艰难险阻，终于能够真诚相对。当剑齿虎迪亚戈的同伴知道它身边正有一个婴儿，饥寒交迫的它们就想迪亚戈把婴儿交给它们当食物，迪亚戈已对可爱的小婴儿产生了感情，无法下手，而迪亚戈该如何选择呢？小婴儿又能否安全回到家中？
NULL,NULL,NULL,NULL,NULL,NULL,NULL,NULL,NULL
No.191,荒蛮故事,2014,阿根廷 / 西班牙,西班牙语,122分钟,8.8,471327人,《荒蛮故事》是一部黑色喜剧，由6个独立的暴力复仇小故事构成。影片是一次对于人类失控行径的颠覆性创作，从怪异的幽默感，独特的画面和大胆的配乐，到对于身处绝境的普通人这一题材的偏爱，都可以清晰地看到南美鬼才导演达米安·斯兹弗隆与阿莫多瓦在创作方面的相似之处。不过，斯兹弗隆仍然通过这部影片发出了自己独特的声音：一场对于一个腐败成风、经济和社会严重不平等的社会的尖锐抨击。
No.192,忠犬八公物语,1987,日本,日语,107 分钟,9.2,207785人,1923年，日本秋田县大馆市天降大雪，近藤家纯种秋田犬产仔，赠与县土木科长间濑。后者将其中一犬转赠东京帝国大学教授上野秀次郎（仲代达矢TatsuyaNakadai饰）驯养。上野的独生女千鹤子对此欢欣鼓舞，而上野夫妇却面露难色。后来，千鹤子（石野真子MakoIshino饰）谈恋爱，竟怀了男友的孩子。男友专程登门造访。上野与之对谈，后者诚惶诚恐，坦言要对其女儿负责，事不宜迟，即日便举行婚礼，上野闻听此言，转怒为喜。千鹤子出嫁后，上野旋即把全部的心血与爱都投注在幼犬身上，并取名为阿八。每日上下班，阿八必在涩谷车站等候，一年四季，风雨无阻，令路人叹为观止，成为地方一道风景，主仆之情感动天地……本片根据真实事件改编，为1987年日本票房冠军，票房成绩高达54亿日元。
NULL,NULL,NULL,NULL,NULL,NULL,NULL,NULL,NULL
No.194,爆裂鼓手,2014,美国,英语,107分钟,8.7,629505人,19岁少年安德鲁（迈尔斯·特勒MilesTeller饰）成长在单亲家庭，一心想成为顶级爵士乐鼓手。某晚他在学校练习时被魔鬼导师弗莱彻（J·K·西蒙斯J.K.Simmons饰）相中，进入正规乐队，同时也开始为追求完美付出代价。安德鲁越是刻苦练习，与外部世界越是隔膜。唯一理解他的是弗莱彻，但后者的暴躁与喜怒无常扭曲了这段师生关系，更让安德鲁耳濡目染，连带自身的性格亦发生变化。最后当安德鲁终于登上纽约音乐厅的舞台，他才惊恐的发现原来弗莱彻一直等着将他打入尘埃......《爆裂鼓手》讲述一名少年在严师督教下，以非常规手段挑战自己的极限、追逐爵士乐鼓手梦的热血故事。主人公热爱打鼓，但过度的投入让他失去对音乐的初衷，进而演变为生命的负荷以及师徒间近乎疯魔的对决。电影不只有音乐人的苦痛，更让人看到传统励志背后的残酷真相。《爆裂鼓手》获得第30届圣丹斯电影节最高荣誉评审团奖。
No.195,魔女宅急便,1989,日本,日语,103分钟,8.7,494559人,琪琪今年13岁了，按照魔法界的规矩，魔法少女年满13岁就要出外进行为期一年的修行。所以琪琪带着宠物黑猫吉吉踏上了修行之旅。然而，修行之旅开始得并不顺利，当琪琪来到海边一座大城市时，人们并没有欢迎她的到来，人人都不搭理她。幸亏琪琪有一颗善良的心，当她拾到了一件别人的失物时，热心的琪琪找到了失主。她的善良赢得了面包店老板娘的好感，琪琪就在面包店开始了她用飞行魔法为客人服务的快递业务。琪琪很快适应了新环境，一次，一个热衷于飞机制造的男孩邀请琪琪去参加飞行俱乐部的聚会，途中琪琪因为帮一位老大娘送东西而被雨淋了。从此，琪琪突然发现自己的魔法正在一天天变弱。
NULL,NULL,NULL,NULL,NULL,NULL,NULL,NULL,NULL
No.197,大佛普拉斯,2017,中国台湾,闽南语 / 汉语普通话,102分钟,8.7,512771人,菜埔（庄益增饰）是一家雕塑厂的夜间保安，家中有一位重病的老母亲需要照顾。肚财（陈竹昇饰）是菜埔唯一的朋友，菜埔经常在值夜班的时候把肚财叫过来和他作伴。一天，两人突发奇想决定看一看菜埔的老板黄启文（戴立忍饰）的行车记录仪里记录了哪些影像，希望向来风流的老板能够贡献出一些精彩的片段以解两个独身男人内心里的寂寞之苦。行车记录仪所记录的影像果然没有让菜埔和肚财失望，但与此同时，两人也发现了黄启文的许多不可告人的秘密。实际上，菜埔和肚财的一举一动皆没有逃过黄启文的眼睛，为了保住自己的地位和名声，他决定采取一些必要的行动。
No.198,末路狂花,1991,美国 / 英国 / 法国,英语,130 分钟,9.0,300194人,该片被认为是向男权社会发出抗争的女性主义电影代表作。生活在沉闷与琐碎家务中的家庭主妇赛尔玛（GeenaDavis）与在某间咖啡厅做女侍应生的闺中密友路易丝（SusanSarandon）对平凡的生活与工作产生厌倦后，结伴一起外出旅游散心。路上，在某家酒吧外的停车厂，赛尔玛险遭无名男子强暴，幸好路易丝及时赶到，拔枪将该男子射杀。惊慌失措的两人掉头逃亡，自此踏上不归路，过程中两人性格均有了很重大的改变。
No.199,遗愿清单,2007,美国,英语,97 分钟,8.7,500897人,老富翁爱德华•科尔（杰克•尼克尔森JackNicholson饰）近年来在公立医院的私有化改造事业中获利颇丰，他为节省成本，规定病房“一房两床”的做法颇受非议，但性格强势的科尔不以为意，岂料他不久被检查出罹患癌症，本欲入住单人病房的科尔在舆论压力下只得与另一位病人——老卡特（摩根•弗里曼MorganFreeman饰）同处一室。汽车修理技师老卡特博闻强识，将三个子女培养成才，但代价是牺牲了年轻时要做历史教授的梦想。曾经结婚多次如今却孤身一人的科尔逐渐对卡特产生了兴趣，两位老人在病房中结下了友谊。科尔偶然发现了卡特的“遗愿清单”，他决定运用自己的力量，让那些纸面上的疯狂构想一一实现，去发现人生的真正意义……
NULL,NULL,NULL,NULL,NULL,NULL,NULL,NULL,NULL
NULL,NULL,NULL,NULL,NULL,NULL,NULL,NULL,NULL
No.202,你看起来好像很好吃,2010,日本,日语,90分钟,8.9,353798人,哈特（山口胜平饰）是一只被草食性恐龙养大的霸王龙。其实，早在它破壳而出时，草食性恐龙的首领就曾命令哈特的母亲（原田知世饰）抛弃它，但母亲却最终还是偷偷把它养大。随着年龄的增长，每天只吃野果的哈特每天饥饿难耐，最终还是抵不住本能的驱使，开始了自己食肉的残暴生涯。然而，由于母亲的影响，在哈特的内心深处，始终涌动着一颗善良的心灵。一天，偶尔遇到一只破壳而出的食草恐龙宝宝，哈特阴差阳错的被恐龙宝宝误认为是“爸爸”，而且为小恐龙取名为“很美味”，自此开始了又一段奇异的恐龙父子情。然而，伴随着生存环境的恶化，恐龙们的生存遭受着前所未有的破坏，哈特和它的亲人最终能否经得起考验……本篇由日本知名漫画家宫西达也的同名漫画改编，本书曾获剑渊绘本乡绘本奖大奖。
No.203,源代码,2011,美国 / 加拿大,英语,93分钟,8.5,881773人,在阿富汗执行任务的美国空军飞行员科特史蒂文斯上尉（杰克·吉伦哈尔JakeGyllenhaal饰）突然惊醒，发现自己在一辆高速行驶的列车上，而他的身边坐着一个素不相识的女子克里斯蒂安（米歇尔·莫娜汉MichelleMonaghan饰）正在与自己讲话。科尔不知自己为什么会在这辆车上，而且他发现自己居然是以另一个人的身份存在，正当他迷惑不解的时候，列车上忽然发生爆炸……科特又一次惊醒，发现自己身处一个密闭的太空仓里，有一位女军官古德温（维拉·法米加VeraFarmiga饰）正在通过视频和自己对话，并要求自己报告列车上发生的事情。一头雾水的科特还没搞明白是怎么回事时，他又一次被送上那辆列车。这次之后，科特终于明白自己在执行一件任务，负责调查芝加哥火车爆炸案找到恐怖份子并查出他的下一个目标。科特被一次又一次的送上那辆高速列车，每次只有八分钟的时间调查，调查过程中，科特发现自己已在一周前去世，原来他正在参与是一项“脑波源代码”的秘密任务，这项任务通过已经死亡的科特尚未完全死亡的脑细胞影像来还原事件，调查事情的真相。最终，科特顺利完成了任务，但是他却决定再一次返回列车，拯救列车上那些无辜的生命……
NULL,NULL,NULL,NULL,NULL,NULL,NULL,NULL,NULL
No.205,疯狂的麦克斯4：狂暴之路,2015,澳大利亚 / 美国,英语 / 俄语,120分钟,8.7,583825人,未来世界，水资源短缺引发了连绵的战争。人们相互厮杀，争夺有限的资源，地球变成了血腥十足的杀戮死战场。面容恐怖的不死乔在戈壁山谷建立了难以撼动的强大武装王国，他手下的战郎驾驶装备尖端武器的战车四下抢掠，杀伐无度，甚至将自己的孩子打造成战争机器。在最近一次行动中，不死乔的得力战将弗瑞奥萨（查理兹·塞隆CharlizeTheron饰）带着生育者们叛逃，这令不死乔恼羞成怒，发誓要追回生育者。经历了激烈的追逐战和摧毁力极强的沙尘暴，弗瑞奥萨和作为血主的麦克斯（汤姆·哈迪TomHardy饰）被迫上路，而身后不仅有不死乔的追兵，还有汽油镇、子弹农场的重兵追逐。末世战争，全面爆发……
No.206,高山下的花环,1984,中国大陆,汉语普通话,146分钟,9.5,123707人,驻扎在四川广元的九连长梁三喜（吕晓禾饰）为了从军政治部调来的指导员赵蒙生（唐国强饰）推迟了探亲假，可出身高干家庭吃不了苦的蒙生打算只干几个月就走。1979年，赵母吴爽（刘燕生饰）得知蒙生部队将要赴越作战，加紧督办调动之事。耿直的炮排长靳开来（何伟饰）听说后火冒三丈，扬言要自费上北京告状。部队开赴云南边境，吴爽孤注一掷请求军长雷震（童超饰）将蒙生调回后方……
NULL,NULL,NULL,NULL,NULL,NULL,NULL,NULL,NULL
No.208,海边的曼彻斯特,2016,美国,英语,137分钟,8.6,601854人,李（卡西·阿弗莱克CaseyAffleck饰）是一名颓废压抑的修理工，在得知哥哥乔伊（凯尔·钱德勒KyleChandler饰）去世的消息后，李回到了故乡——海边的曼彻斯特处理乔伊的后事。根据乔伊的遗嘱，李将会成为乔伊的儿子帕特里克（卢卡斯·赫奇斯LucasHedges饰）的监护人，李打算将帕特里克带回波士顿，但很显然帕特里克并不愿意离开家乡和朋友们，但李亦不愿在这片伤心地久留。原来，曼彻斯特埋藏着李的一段绝望的回忆，他的过失使得三个孩子葬身火海，妻子兰迪（米歇尔·威廉姆斯MichelleWilliams饰）亦因此而离开了他。此次重回故乡，李再度见到了已经再婚并且即将做妈妈的兰迪，与此同时，帕特里克那失踪已久的母亲艾丽斯（格瑞辰·摩尔GretchenMol饰）亦联系上了帕特里克，希望他能够成为她的新家庭中的一员。
No.209,波西米亚狂想曲,2018,英国 / 美国,英语,135分钟,8.6,651696人,本片是对皇后乐队、传奇主唱弗雷迪·莫库里以及他们音乐的致敬盛宴，这是一段充满爱、痛苦、接纳和音乐的旅程。弗雷迪·莫库里（拉米·马雷克饰）曾是希思罗机场的一名普通搬运工，对音乐满腔热血的他，与布莱恩·梅（格威利姆·李饰）、罗杰·泰勒（本·哈迪饰）、约翰·迪肯（约瑟夫·梅泽罗饰）组成皇后乐队。这个殿堂级乐队的从无到有，从疏离到重聚，从低谷到巅峰，仿佛就是弗雷迪一生的缩影。在最后的日子里，弗雷迪做了生命中最重要的决定——在音乐史上最伟大的“拯救生命”大型摇滚乐演唱会上，将所有热血付诸于歌声。
No.210,黑天鹅,2010,美国,英语 / 法语 / 意大利语,108分钟,8.6,814491人,纽约剧团要重排《天鹅湖》，因前领舞Beth（薇诺娜•赖德WinonaRyder饰）离去，总监Thomas（文森特•卡索尔VincentCassel.饰）决定海选新领舞，且要求领舞要分饰黑天鹅与白天鹅。Nina（娜塔莉•波特曼NataliePortman饰）自幼练习芭蕾舞，在母亲的细心关照下，技艺出众。这次，她希望可以脱颖而出。然而，在竞争中，她发现心机颇重的Lily（米拉•库妮丝MilaKunis饰）是自己的强劲对手。在选拔中，她的白天鹅表演的无可挑剔，但是黑天鹅不及Lily。她感到身心俱疲，回家还发现了背部的红斑与脚伤。她一个人找到总监，希望争取一下。总监趁机亲吻她，却被她强硬拒绝。结果，总监居然选了她。队友怀疑她靠色相上位。在酒会上，Beth甚至当众发泄。这种压力外加伤病，一直影响着她的发挥。总监启发她要释放激情，表现出黑天鹅的诱惑。在强大的心理暗示中，她似乎也滑向了黑天鹅的角色……
No.211,芙蓉镇,1987,中国大陆,汉语普通话,164 分钟,9.3,163969人,本片分上下两集，讲述了位于湘、粤、桂三省交界处的芙蓉镇上，人称“芙蓉姐”的漂亮女人胡玉音（刘晓庆）在“四清运动”及“文化大革命”中的遭遇。1963年，凭着热情周到的服务，胡玉音与丈夫桂桂（刘利年）经营的米豆腐摊子前渐渐成为早市上最热闹的一道风景，加上夫妻俩省吃俭用，手中积攒了一笔数目可观的财富。镇党支书也是胡玉音干哥的黎满庚（张光北）、粮站主任谷燕山（郑在石）及乡邻们都为他们高兴。当他们盖好新房准备日子更上一层楼时，迎上“四清运动”，一直嫉妒胡玉音的原国营饮食店经理、今县商业局科长李国香（徐松子）与二流子王秋赦（祝士彬）联手，趁机将她定性为“反革命五类分子”中的“富农婆”，将之派去与原县文化馆馆长、今被人称作“秦癫子”的“右派”秦书田（姜文）一起清扫大街，桂桂身亡。运动中黎满庚昧着良心将胡玉音背叛，谷燕山则一直以老革命军人的标准诚实做人。1966年，“文化大革命”开始，世道的荒谬从不停调换角色的李国香与王秋赦两人身上便可窥见。一起扫街时，胡玉音将自己的悲惨遭遇归罪于秦书田，后者曾在她与桂桂成亲之时唱了后被认为反革命的贺喜歌、在她新房子建成之时写了后被认为反革命的贺喜联。对于胡玉音的怨恨，秦书田并不多做辩解，相反时常暗中将她帮助。慢慢地，两人生出感情，计划着成为一家人好好生活，但前路充满血风腥雨。而在他们最艰难时，谷燕山从没忘伸手一帮。
No.212,真爱至上,2003,英国 / 美国 / 法国,英语 / 葡萄牙语 / 法语,135分钟,8.5,771212人,这是一出10个爱情故事串成的喜剧杂烩：失去母亲的小男孩终日郁郁寡欢，继父不知该如何安慰。当他得知继子喜欢上学校里最美的女孩，便热烈地鼓励儿子去追。小男孩为了赢得小女孩的关注，废寝忘食地练习架子鼓，只为了在圣诞节的晚会上能与她同台演出。勇敢的他，甚至为了最后的一记道别潇洒地突破机场的安检区。两个孩子的母亲面对了婚姻危机。丈夫感情出轨，把项链送给了别的女人，给她的，则仅是一张她热爱的女歌手的CD。她找了借口仓皇躲入卧室，在歌声中隐忍啜泣。转个身，又夸张地大笑着，迎向娇女爱子欢喜的面容。丈夫最终幡然醒悟。……如此的小故事共有十出，温暖你我的心。
No.213,爱乐之城,2016,美国,英语,128分钟,8.4,1018656人,米娅（艾玛·斯通EmmaStone饰）渴望成为一名演员，但至今她仍旧只是片场咖啡厅里的一名平凡的咖啡师，尽管不停的参加着大大小小的试镜，但米娅收获的只有失败。某日，在一场派对之中，米娅邂逅了名为塞巴斯汀（瑞恩·高斯林RyanGosling饰）的男子，起初两人之间产生了小小的矛盾，但很快，米娅便被塞巴斯汀身上闪耀的才华以及他对爵士乐的纯粹追求所吸引，最终两人走到了一起。在塞巴斯汀的鼓励下，米娅辞掉了咖啡厅的工作，专心为自己写起了剧本，与此同时，塞巴斯汀为了获得一份稳定的收入，加入了一支流行爵士乐队，开始演奏自己并不喜欢的现代爵士乐，没想到一炮而红。随着时间的推移，努力追求梦想的两人，彼此之间的距离却越来越远，在理想和感情之间，他们必须做出选择。
No.214,青蛇,1993,中国香港 / 中国大陆,粤语 / 汉语普通话,99分钟,8.6,559596人,南宋是一个人妖难分的时期，法海和尚（赵文卓饰）到处收服妖精，也扰乱了在西湖底修炼的白青二蛇。青（张曼玉饰）曾获白（王祖贤饰）相救，二者便以姐妹相称。姐妹俩受惑佯装成人生活在民间，白更嫁于老实书生许仙，青也同时看上了许仙，便常常以媚态勾引许仙，无奈许仙只深爱白一个。白开设了药店，以为可以自此过上安定的生活，可许仙却受不了青的百般挑逗，更发现了青白二蛇的真实身份，可他却不舍得离开家中的天姿国色。法海得知了青白二蛇的下落，更抓走了许仙。原来白为了爱情放弃修成正果，更怀有了身孕。为了救回丈夫，二蛇与法海展开了搏斗……
No.215,雨人,1988,美国,英语 / 意大利语,133分钟,8.7,425120人,查理（汤姆·克鲁斯TomCruise饰）父亲去世，留下了300万美元的遗产。然而令他意外的是，遗产全部给了一个他不认识的哥哥雷蒙（达斯汀·霍夫曼DustinHoffman饰）。雷蒙的名字查理从没听过，这个事件让他气愤不已。他决定前去寻找哥哥。谁知雷蒙的住处就在一个精神病院里，原来他自幼患有自闭症，母亲去世后就被送到精神病院治疗。查理心中有了算计，他把雷蒙带出精神病院，企图骗他出让遗产。雷蒙的生活习惯奇异，活在自己的幻想世界里，有很多离奇古怪的行为。并且，查理在共处中发现了雷蒙惊人的记忆能力，他试着利用哥哥过目不忘的本领去赌场上试一下身手，赢得了一大笔奖金，使查理足以摆脱穷困生活。而令查理收获更大的是，他还获得了慢慢升温的亲情，这种手足情远远胜过了他原先图谋的300万的遗产。
No.216,初恋这件小事,2010,泰国,泰语 / 印度尼西亚语 / 英语,118分钟(泰国),8.5,1017142人,初中生小水相貌平平，家境一般，所以在学校里并不受重视。但是她心地善良，又有一群死党，日子过得倒也开心。某天，她遇见了帅气的学长阿亮（马里奥·毛瑞尔MarioMaurer饰），春心萌动，无法遏制。她喜欢看他踢足球，看他拍照，如痴如狂。上英语课时，她不停地给死党传纸条表达对阿亮的爱慕。然而，英语老师则指出她除了英语一无是处。回到家，叔叔从美国捎来了父亲的消息，说如果她能考全校第一，就可以去美国。于是，她按下决心要努力加油。某天，小水等人在买饮料时，碰到篮球队员蛮横插队。阿亮挺身而出，为她们教训了对方，并挨了校长的责骂。小水也第一次听说，阿亮的父亲因为射失点球而退役的事情，理解了他心中的隐痛。由于舞蹈队是给美女准备的，所以小水等一干姐妹准备在话剧社大展身手，没想到学长也来到这个社团。两人还扮演王子公主，他们的恋情会由此展开么？……
NULL,NULL,NULL,NULL,NULL,NULL,NULL,NULL,NULL
No.218,花束般的恋爱,2021,日本,日语,124分钟,8.6,726806人,深夜的地铁站，因错过末班车让山音麦（菅田将晖饰）和八谷绢（有村架纯饰）两个年轻人不期而遇。他们相约前往附近的咖啡店，并且畅聊文学、电影和各自的爱好。令他们感到惊喜的是，两个人无论是习惯、爱好还是理念居然极其相似，仿佛就是另一个自己，因此他们对对方渐渐产生好感。在此之后，他们相约再次见面，顺理成章成为了情侣。大学毕业，步入社会，小麦和小绢痴心相守。只不过现实生活磨砺着年轻人的意志和爱情。小麦被迫暂时放弃自己绘画的梦想，成为一名上班族，日渐拮据的生活也让他们减弱了对理想生活的要求。不知不觉，曾经如此合拍的两个人渐行渐远，变成了最熟悉的陌生人……
NULL,NULL,NULL,NULL,NULL,NULL,NULL,NULL,NULL
No.220,虎口脱险,1966,法国 / 英国,法语 / 英语 / 德语,132分钟,8.9,276996人,二战期间，英国一架飞机在执行轰炸任务中，被德军击中，几名英国士兵被迫跳伞逃生。他们约好在土耳其浴室见面，并用这次行动的代号“鸳鸯茶”作为接头暗号。他们分别降落在法国巴黎德军占领区的不同地点。大胡子中队长雷金纳德被动物园管理员所救。而另外两名士兵，也分别在油漆匠奥古斯德（布尔维尔饰）和乐队指挥斯塔尼斯拉斯（路易·德·费内斯饰）的帮助下掩藏好了。即便德军展开了全城的搜索，油漆匠、指挥和中队长还是在浴室顺利地会面，几经辗转，英国士兵终于接上了头。几个原本并不认识的人，就这样结成了生死同盟，与敌人展开了斗智斗勇的生死游戏。同时，也闹出了不少温情的笑话。他们用微薄的力量对抗严酷德军，险相迭生，滑稽搞笑，为了逃出虎口，共同战斗。
No.221,无耻混蛋,2009,德国 / 美国,英语 / 德语 / 法语 / 意大利语,153分钟,8.7,517003人,故事分五章进行。二战中德占法国，德军上校汉斯（克里斯托弗·瓦尔兹ChristophWaltz饰）号称“犹太猎人”，在一次屠犹行动中，少女苏珊娜（梅勒尼·劳伦特MélanieLaurent饰）侥幸逃脱。与此同时，八名美国犹太士兵在中尉奥尔多（布拉德·皮特饰）的带领下潜入德占法国刺杀德国军人，其行动神出鬼没，手法残忍，对德军造成相当威胁，被称为“杂种”。三年后苏珊娜来到巴黎继承了姑母的电影院，结识了德国战斗英雄，电影《国家荣耀》的主演弗里德里克（丹尼尔·布鲁赫DanielBrühl饰）。对苏珊娜一见钟情的弗里德里克说服德国宣传部长约瑟夫·戈培尔（西尔维斯特·格洛斯SylvesterGroth饰）在苏珊娜的影院首映《国家荣耀》，希特勒（马丁·乌特克MartinWuttke饰）本人也将出席。苏珊娜决定借放映之机烧毁影院；而在德国间谍女演员布里奇特（戴安娜·克鲁格DianeKruger饰）的安排下，英美联合的刺杀行动“奇诺”也将在首映当晚行动……本片被提名2009年戛纳电影节金棕榈奖，获第82届奥斯卡最佳导演、最佳影片等七项提名，并荣获奥斯卡最佳男配角奖（ChristophWaltz）及戛纳电影节最佳男演员奖。
No.222,恋恋笔记本,2004,美国,英语,123分钟,8.5,713943人,一个浸润着鲜红与纯白的爱情故事，写在一本洒满昏黄的笔记本上，被一位老先生(詹姆斯·加纳饰)，一遍一遍的讲述。老太太(吉娜·罗兰兹饰)总是静静的听着，好奇的追问结果。在一家疗养院，这样不变的场景每天都会上演。笔记本上，秀美的字迹，记载着发生在那个夏天的爱情。艾莉(瑞秋·麦克亚当斯饰)是富有人家的千金，她随家人来到小镇避暑。在一个充满梦幻的游乐场，邂逅了诺亚(瑞恩·高斯林饰)。诺亚没有钱，却活的很快乐。艾莉在他那学会了自由，得到了欢笑，两人很快热恋起来。然而在艾莉父母的阻挠下，相爱的两个人，就被分开在夏天结束的那一刻。随着诺亚的365封信被偷偷藏起，艾莉在7年后终于放弃了等待。就在她要步入教堂的前一天，突然在报纸上看到了诺亚曾许诺给自己建造的白色房子。一切记忆，全部苏醒……也许，应该苏醒的，不是故事中的，而是听故事的人。
No.223,新龙门客栈,1992,中国香港 / 中国大陆,汉语普通话 / 粤语,88分钟,8.7,475287人,宦官专权的明朝中叶，东厂曹少钦（甄子丹）假造圣旨杀害了忠良杨宇轩，并想斩草除根杀死其后代。侠女邱莫言（林青霞）、江湖义士贺虎等人冒死救出忠良后代后，逃至边关沙漠里的龙门客栈，与杨宇轩部下周淮安（梁家辉）会合。龙门客栈实则黑店，老板娘金镶玉（张曼玉）利用乱世，以美貌和风骚作诱饵杀人越货聚敛钱财，但她却为英俊潇洒的周淮安动了真心。为了摸清潜藏于龙门客栈中的出关暗道，周淮安将计就计，答应与金镶玉成亲。洞房花烛夜，楼上的周淮安与金镶玉各怀心事暗中较劲，楼下的邱莫言、贺虎等人也与东厂一众“走狗”展开了明争暗斗，战事一触即发。
No.224,罗生门,1950,日本,日语,88分钟,8.8,337235人,罗生门，日本京都的正南门。云游和尚、砍柴人和乞丐在城门底下避雨，三人闲聊，话题开始，故事的序幕拉开：一个武士和他妻子路过荒山，遭遇了不测。妻子被侮辱，而武士惨遭杀害。惨案如何酿成？凶手、妻子、借武士亡魂来做证的女巫，都各有说法。真相只得一个，但是各人提供证词的目的却各有不同。为了美化自己的道德，减轻自己的罪恶，掩饰自己的过失，人人都开始叙述一个美化自己的故事版本。荒山上的惨案，成了一团拨不开看不清的迷雾。谈论完毕，雨过天晴。砍柴人在罗生门旁发现一个哭泣的弃婴。他决定收养下来，抱着婴孩往夕阳深处走去。
No.225,崖上的波妞,2008,日本,日语,101分钟,8.6,538136人,5岁的宗介生长在海边小城，他的家就在临海的悬崖上。一天，宗介捡到了一个被海浪冲上岸的废玻璃瓶，里面有条受困的小金鱼。小金鱼名叫波尼，她是人鱼女王的女儿，偷偷驾着水母溜出来玩的时候撞进了瓶子里。宗介把波尼带回了自己家，养在塑料盆里。波尼在宗介家过得很愉快，她很喜欢宗介，宗介也喜欢她。然而，快乐的日子很快就过去了，波尼的爸爸藤本把女儿带回了海底。藤本原是一个魔法师，后来和人鱼女王相爱成了海底的住人。波尼回家后，十分思念宗介，她做出了一个大胆的决定——她要变成人，和宗介在一起。在妹妹们的帮助下，波尼偷出了父亲的法宝，向人类世界游去。不料，蕴含着危险魔力的生命之水失控了。于是，海水暴涨，暴风狂作，妹妹们变成了可怕的巨型鱼，海浪向宗介一家所在的悬崖扑去……海边小城被淹没了，波尼没想到自己的美好愿望竟然招来了这样的大祸。她能挽救宗介么？
NULL,NULL,NULL,NULL,NULL,NULL,NULL,NULL,NULL
No.227,哈利·波特与死亡圣器(上),2010,英国 / 美国,英语,146分钟,8.6,631822人,《哈利·波特与死亡圣器》小站http://site.douban.com/108361/邓不利多死后，伏地魔（RalphFiennes饰）与食死徒入侵魔法学校，魔法部也被伏地魔的爪牙操控，邪恶的阴云笼罩魔法世界上空。在哈利·波特（丹尼尔·雷德克里夫DanielRadcliffe饰）17岁生日之际，凤凰社成员及一众好友护送他回到了凤凰社的据点陋居，然而这立即遭到食死徒毁灭性地打击。哈利和罗恩（鲁伯特·格林特RupertGrint饰）、赫敏（爱玛·沃特森EmmaWatson饰）侥幸逃亡，并且按照邓不利多的嘱托继续寻找伏地魔的魂器。死亡的威胁时刻逡巡左右，他们还要面对友情的考验。在寻找摧毁魂器方法的过程中，死亡圣器的面纱也渐渐揭开。与此同时，为了置哈利于死地，伏地魔也在寻找最后一件死亡圣器。最后的决战即将到来……
No.228,千钧一发,1997,美国,英语 / 世界语,106分钟,8.8,325119人,未来的世界，科技的力量胜过一切，基因决定命运，几乎成为金科玉律。不幸文森特（伊桑•霍克EthanHawke饰）是一个基因不良的人，出生以来就决定了他近视和心脏病的缺陷，他只能活到30岁。于是父母为文森特增添了一个有着优良基因的弟弟。文森特的梦想是漫游太空，然而恶劣的基因令他无法圆梦，直到他遇到了太空中心的杰罗姆（裘德•洛JudeLaw饰）。杰罗姆有优秀的基因，却在一次意外中半身瘫痪。二人决定调换身份，文森特千方百计隐藏自己的基因信息，每天都认真清洗掉自己的皮屑毛发，不暴露任何蛛丝马迹。另一方面，杰罗姆帮他筹备进入太空前需要检查的基因物品。事情进展得非常顺利，然而一桩谋杀案和一根睫毛，让事情节外生枝。
No.229,彗星来的那一夜,2013,美国 / 英国,英语,89分钟,8.6,635767人,在一个静得有些诡异阴森的夜晚，年轻女子艾米丽（艾米丽·芭尔多尼EmilyBaldoni饰）驱车来到朋友家参加聚会。此前她一边开车一边和男友打电话，然而通话突然中断，她的手机屏也莫名其妙出现裂痕。这一事件让艾米丽的心中升起隐隐不安，因为当晚一颗彗星刚好接近地球，一个很久之前听过的传说使她对彗星的到来有着不祥的预感。稍后，朋友们落座，大家彼此交谈，叙说近况，虽然言语中有着许多莫名其妙、蹊跷反常的线索，然而均被一带而过。突然间，灯光尽灭。当光明重新来临时，众人发现附近只有一户人家还在亮灯，而亮灯人家里坐着的竟是……本片荣获2014年阿姆斯特丹奇幻电影节黑郁金香奖。
No.230,黑客帝国2：重装上阵,2003,美国,英语 / 法语,138分钟,8.7,431105人,上一部结尾，尼奥（基奴李维斯饰）终于意识到自己的能力和使命，中弹复活后，变成了无所不能的“救世主”，他和女友崔妮蒂（凯莉·安·摩丝饰），舰长墨菲斯（劳伦斯·菲什伯恩饰）回到了人类的基地锡安，受到人们的热烈欢迎。此时，“母体”决定先下手为强，派出了两万五千只电子乌贼攻击锡安基地；墨菲斯、尼奥和崔妮蒂则再次进入“母体”，寻找“制钥者”，准备从内部破坏；而本该被尼奥消灭的特勤史密斯似乎出了点问题，脱离了“母体”的控制，拥有可怕的复制能力，阻碍尼奥他们的行动。
No.231,萤火虫之墓,1988,日本,日语,89分钟,8.7,422951人,美日战争爆发，14岁的清太带着年幼的妹妹到处逃命，当他们到达防空洞的时候，母亲已身受重伤，没过多久便不久人世。两兄妹自此过着相依为命的日子。他们只好投靠了母亲的姐妹，纵使他们把家里所有的家当都送给了阿姨，但当食物吃完，他们就越感到了寄人篱下的感觉，清太决定带着妹妹离开独自生活。火灾硝烟中的生活并不好过，清太为了妹妹四处偷取食物，但妹妹还是严重营养不良……
No.232,大红灯笼高高挂,1991,中国大陆 / 中国香港 / 中国台湾,汉语普通话,125 分钟,8.8,325720人,大学刚读半年的颂莲（巩俐）被贪钱的母亲逼迫着嫁进陈家大院，成了老爷的第四房姨太。陈府有老规矩，姨太太们傍晚时分要站在自已的屋子前，等待下人送来的意味被老爷“临幸”的大红灯笼。起初因为“新人”身份，颂莲得到老爷最多宠幸，但也因此被其它三位姨太太尤其笑里藏刀的二姨太（曹翠芬）挤兑得叫苦不迭。因为涉世不深，生性反叛好强的颂莲急欲争一口气，使计又成老爷身边红人，不想计被看穿，终败于二姨太手下酿成悲剧。而三姨太（何赛飞）的经历虽与颂莲迥异，却也殊途同归逃不出宿命。
No.233,火星救援,2015,英国 / 美国 / 匈牙利 / 约旦,英语 / 汉语普通话,142分钟,8.5,784411人,载人航天宇宙飞船阿瑞斯3号成功抵达火星，谁知一场破坏力极其巨大的风暴向宇航员们袭来，阿瑞斯3号被迫中断任务，紧急返航。撤离途中，宇航员马克·沃特尼（马特·达蒙MattDamon饰）被飞船上吹落的零件击中，由于生还希望渺茫，队友们只得匆匆返航，并向世人宣告他已牺牲的事实。出乎意料的是，马克以极低的概率活了下来。他躲进驻火星的航天基地疗伤。下一次火星任务要等到四年后，而基地内的补给仅够他维持31天。短暂的绝望后，马克决定利用有限的食物，在这颗空无一人的星球上种植作物，寻找一线生机。与此同时，地球方面也很快发现马克生还的事实，他们想尽办法部署营救计划。孤军奋战的马克，能否等到救援队伍的到来？影片改编自安迪·威尔的同名科幻小说。
No.234,奇迹男孩,2017,美国 / 中国香港,英语,113分钟,8.6,577219人,奥吉（雅各布·特瑞布雷JacobTremblay饰）是一个10岁的男孩，除了头戴一个巨大的太空头盔外，他和其他的同年龄孩子别无二致。头盔下隐藏了奥吉因为各种手术而伤痕累累的脸庞，它不仅完美的隐藏起了奥吉脆弱自卑的内心，也成功的防止了奥吉的模样吓到别的孩子。奥吉没有上过学，他的所有文化知识都是母亲伊莎贝尔（朱莉娅·罗伯茨JuliaRoberts饰）在家教授给他的。然而，伊莎贝尔渐渐感觉到，家庭课堂无法满足奥吉的成长需要，除了学习知识，奥吉还必须学会的，是如何同除了家人以外的人交流。在忧虑重重之中，伊莎贝尔将奥吉送入了一间公立学校里，在那里，奥吉面临的是他人生中必须要战胜的挑战。
NULL,NULL,NULL,NULL,NULL,NULL,NULL,NULL,NULL
No.236,哈利·波特与凤凰社,2007,英国 / 美国,英语,138分钟,8.5,628472人,逃过摄魂怪的追杀，通过魔法部的审查，哈利（丹尼尔·雷德克里夫）终于回到美丽的霍格沃兹。然而这个学期并不轻松，他不仅要完成魔法等级考试，还要应对夜晚的噩梦和黑魔法防御课老师乌姆里奇的打压。在好友的支持下，哈利秘密组建了邓不利多军团，与大家一起练习黑魔法防御术。噩梦中，哈利总是以伏地魔的视角出现，似乎他们之间有着某种神秘的联系。在邓不利多（迈克尔·刚本）的指示下，哈利向斯内普教授（阿伦·瑞克曼）学习封闭术，却鲜有成效。终于在一次噩梦的诱使下，哈利偏执的赶往魔法部营救小天狼星，却不想陷入伏地魔的圈套，引发凤凰社与食死徒之间的正面冲突。在混战中，小天狼星（加里·奥德曼）不幸遇难。究竟哈利与伏地魔（拉尔夫·费因斯）之间有着怎样的联系？在悲恸中，邓不利多为哈利揭开谜底，哈利还有更长、更艰难的路要走……
No.237,战争之王,2005,美国 / 德国,英语 / 乌克兰语 / 德语 / 西班牙语 / 俄语 / 法语 / 阿拉伯语 / 土耳其语,122 分钟,8.7,393405人,本来美国移民尤瑞（尼古拉斯•凯奇NicolasCage饰）的家族生意是开饭馆。但是一个偶然的机会令他踏入了军火生意的大门，从此开始了贩卖武器的“职业生涯”。尤瑞遇事机智，胆大心细，这不仅让他成功俘获了美女埃娃的心，还使得他在地下军火生意中愈战愈勇。但是，不顺心的事情也随之而来：出现了生意上的死对头和一名老是盯着他的国际警察；弟弟染上毒瘾，并在一单生意交易中丧了命，而且，尽管他在竭力维护自己在家庭里的正义形象，但却掩盖不了真相。尤瑞开始反省自己生意的正义性，拷问自己的良心，但一切太迟，他已经众叛亲离……
No.238,血钻,2006,美国 / 德国 / 英国,英语 / 门德语 / 南非语,143 分钟,8.7,402888人,九十年代非洲塞拉利昂，连连战火使这片土地饱受摧残，非法钻石贸易日益猖獗。阿彻（莱昂纳多•迪卡普里奥饰）是一个地道的战争贩子，靠倒卖战区钻石为生，他在监狱中无意得知渔夫所罗门手里有极品粉钻。意识到这是自己离开非洲的机会，出狱后，他找到所罗门，准备和他一起找出钻石，离开非洲。所罗门是普通的渔民，因为内战和家人分离，被叛军强制开采钻石，他发现一颗极品粉钻，藏了起来；战乱来临，所罗门进了监狱，后被阿彻救出，并在战地记者麦迪•鲍文(珍妮弗•康纳利饰)的帮助下，找到了失散的家人，此时，他的儿子迪亚却被叛军带走，生死未卜。悲愤的所罗门答应和阿彻合作，在叛军的控制范围内寻找钻石，并寻找儿子。两个截然不同的人，因为一颗血钻将命运联系在了一起。
No.239,步履不停,2008,日本,日语,115分钟,8.8,302140人,“人生路上步履不停，为何总是慢一拍”。位于偏远小镇的横山一家，生活平静祥和。父亲恭平（原田芳雄饰）是业已退休的医生，却时时牵挂小镇诊所内的事务。长子纯平继承了父亲的事业，却在15年前为救落水儿童而溺水身亡。次子良多（阿部宽饰）与父亲意见相左，执意前往异地当起了绘画修复师。多年的打拼换来的却是失业，困顿的良多与带着孩子的由香里（夏川结衣饰）结婚，相互扶持，继续生活。又逢纯平的忌日，良多和姐姐千奈美（YOU饰）带着家人分别赶回家中。平静的横山家再次热闹起来……本片荣获2009年蓝丝带最佳导演奖和最佳女配角奖（树木希林）、2008年报知电影和2009年电影旬报最佳女配角（树木希林）、2009年每日电影奖最佳男主角（阿部宽）、2008年马塔布拉塔国际电影节评审团大奖和最佳影片。
No.240,千年女优,2001,日本,日语,87 分钟,8.8,295510人,60岁的立花源也和28岁的摄影师井田恭二不远千里跋山涉水上门去拜访隐居了三十年的一代影星藤原千代子，为了给她拍摄一生自传的纪录片。款款前来的千代子虽然已界75岁高龄，但仍然优雅美丽，左眼下标志性的小痣也仍然俏皮。立花双手递上一把钥匙，千代子深受震动，称这把钥匙是开启一个秘密的关键，当年她不慎丢失，今日竟还能再回手中。千代子的思绪飞到老远。1926年9月1日，藤原千代子呱呱坠地，水灵清秀的她16岁就被星探发掘，然而直到遇上一个画家，她救他于乱世中，藏于自家仓库内，他赠她一把钥匙，说这是开启秘密的关键，并承诺再与她重逢时带她去看北海道的雪。然而次日千代子放学归家时画家已经因为逃开追捕逃离远去。千代子自此进入电影圈，只因为画家最后说他会去满洲作战，而第一部电影承诺会去满洲取景。从此千代子的银幕生涯拉开，拍摄了代表日本战国、幕府、大正及昭和等四个不同时期的大时代爱情故事。在每一个故事里，千代子都在奔跑，追寻着自己的真爱。场景与她本身的故事糅合在一起，虚实难分。立花和井田紧随其后身临其境，时而变成故事中人物。然而千代子丢失了钥匙，心灰意冷的她嫁给了一直追求她的导演大泷。到后来她发现一切是一个精心布下的骗局，千代子认清事实后决意继续找寻自己少女时代的所爱。
No.241,谍影重重2,2004,美国 / 德国,英语 / 俄语 / 德语 / 意大利语,108分钟,8.7,375949人,经过上一集的腥风血雨之后，伯恩（马特·达蒙饰）和女朋友玛丽（弗兰卡·泼坦特饰）隐居在印度偏僻的海边小镇，想忘记以前的生活。一天，神秘组织的杀手来到小镇，打破了伯恩二人世界的宁静，女友玛丽在逃亡途中被枪杀。为了查出真相，伯恩重新开始战斗，他发现以前工作的中情局开始重新寻找他，自己被卷入了一场刺杀活动中，被人诬陷破坏了中情局的一次情报交易，杀害特工。伯恩别无选择，他只能找到冒充自己的人，才能洗刷清白，为女友报仇。
No.242,房间,2015,爱尔兰 / 加拿大 / 英国 / 美国,英语,118分钟,8.8,385825人,女孩乔伊（布丽·拉尔森BrieLarson饰）被一个叫“老尼克”的男人拐骗，之后被他囚禁在其房子后院的棚屋里长达七年之久。在此期间她遭到强奸，并生下儿子杰克（雅各布·特伦布莱JacobTremblay饰）。靠着老尼克时不时的物资补给，母子二人艰难度日。尽管如此，母亲还是竭尽所能，为儿子杰克创造了一个安全而开心的成长空间。这个狭小逼仄的房间，成了杰克生活成长的神奇小天地。在杰克度过了他的五岁生日后，母亲决定告诉他真相，在这个小小的房间外面，有着更广阔的世界。他们开始策划逃跑计划，决心要逃出这个囚禁他们的房间……本片根据艾玛·唐纳修的同名小说改编。
No.243,魂断蓝桥,1940,美国,英语 / 法语,108分钟,8.8,295534人,第一次世界大战期间，回国度假的陆军中尉罗伊（罗伯特·泰勒）在滑铁卢桥上邂逅了舞蹈演员玛拉（费雯·丽），两人彼此倾心，爱情迅速升温。就在两人决定结婚之时，罗伊应招回营地，两人被迫分离。由于错过剧团演出，玛拉被开除，只能和好友相依为命。不久玛拉得知罗伊阵亡的消息，几欲崩溃，备受打击。失去爱情的玛拉感到一切都失去了意义，为了生存，她和好友不得不沦为妓女。然而命运弄人，就在此时玛拉竟然再次遇到了罗伊。虽然为罗伊的生还兴奋不已，玛拉却因自己的失身陷入痛苦之中。感到一切难以挽回的玛拉潸然离开，独自来到两人最初相遇的地点——滑铁卢桥上…
No.244,蜘蛛侠：平行宇宙,2018,美国,英语 / 西班牙语,116分钟(中国大陆),8.6,715107人,正就读中学的少年迈尔斯（沙梅克·摩尔ShameikMoore配音）意外被一只遭受放射性污染的蜘蛛咬伤，随后身体发生奇特的变化。偶然机缘，他目睹了蜘蛛侠（克里斯·派恩ChrisPine配音）和犯罪头目金并（列维·施瑞博尔LievSchreiber配音）的战斗。为了阻止金并利用时空对撞机扰乱宇宙，蜘蛛侠最终壮烈牺牲。可未过多久，来自平行宇宙的颓废的彼德·帕克（杰克·约翰逊JakeM.Johnson配音）出现在迈尔斯面前。为了阻止金并的阴谋，并帮助这个帕克返回自己的宇宙，他们闯入金并的老巢。在这一过程中，二人遭到章鱼博士和徘徊者的狙击。与此同时，来自其他宇宙的女蜘蛛侠、暗影蜘蛛侠、蜘猪侠、二次元蜘蛛妹相继出现。他们合力与恶势力展开斗争……
No.245,弱点,2009,美国,英语,129分钟,8.7,335651人,黑人男孩奥赫（昆东•亚伦QuintonAaron饰）自幼父母离异，无家可归。不过，木讷的他却因为极强的身体条件和运动天赋，幸运地进入了一家私立基督教高中。虽然，他科科零分，但是一些细节却让他显得与众不同。一次排球比赛后，他主动收拾垃圾的行为，引起了陶西一家的注意。于是，陶西太太（桑德拉•布洛克SandraBullock饰）决定收养奥赫，并把他培养成橄榄球选手。陶西太太让他感受到了家庭的温暖。同时，陶西的儿子还帮助奥赫训练，使他很快地融入了橄榄球队的生活，不断激发运动的潜能。终于，在一次比赛中，他因出色的表现崭露头角，开始获得了球探的关注，随之带来了一系列的甜蜜和麻烦……本片根据迈克尔•刘易斯（MichaelLewis）的原著《弱点：比赛进程》（TheBlindSide:EvolutionoftheGame）改编，取材自2009年美国国家橄榄球联盟（NationalFootballLeague）选秀状元迈克尔•奥赫的非凡经历。荣获第82届奥斯卡最佳女主角奖（SandraBullock）。
NULL,NULL,NULL,NULL,NULL,NULL,NULL,NULL,NULL
No.247,机器人之梦,2023,西班牙 / 法国,无对白,102分钟,9.0,219423人,一只孤独的小狗遇到了一个机器人，偌大的城市中，他们互相依靠，温暖彼此。然而一次意外让小狗和机器人遗憾错过，从此他们只能把对彼此的想念藏进梦中。只是，反复梦见的人，还会重逢吗？影片改编自SaraVaron的漫画。
NULL,NULL,NULL,NULL,NULL,NULL,NULL,NULL,NULL
No.249,朗读者,2008,美国 / 德国,英语 / 德语 / 希腊语 / 拉丁语,124 分钟,8.6,472514人,15岁的少年米夏·伯格（大卫·克劳斯DavidKross饰）偶遇36岁的中年神秘女列车售票员汉娜（凯特·温丝莱特KateWinslet饰），后来两个发展出一段秘密的情人关系。汉娜最喜欢躺在米夏怀里听米夏为他读书，她总是沉浸在那朗朗的读书声中。年轻的米夏沉溺于这种关系不能自拔的同时，却发现他自己根本不了解汉娜。忽然有一天，这个神秘女人不告而别，米夏在短暂的迷惑和悲伤之后，开始了新的生活。二战虽然结束了，但德国对于纳粹战犯的审判还在继续。成为法律学校的实习生的米夏，在一次旁听对纳粹战犯的审判过程中，竟然发现一个熟悉的身影。虽然已经事隔8年，但米夏还是一眼便认出那就是消失8年的汉娜。而这一次，她坐上了纳粹战犯审判法庭的被告席，这个神秘女人的往事在案件的审理过程中逐渐清晰。然而，米夏却发现了一个汉娜宁愿搭上性命也要隐藏秘密。汉娜最终被判终身监禁，而此时米夏（拉尔夫·费因斯RalphFiennes饰）与汉娜的故事还在继续……在2009年初的第81届奥斯卡上，该片共获包括最佳女主角在内的5项提名，最终温丝莱特凭借该片折冠当年奥斯卡影后。
No.250,阿飞正传,1990,中国香港,粤语 / 汉语普通话 / 英语 / 菲律宾语 / 上海话,94分钟,8.5,542732人,1960年代的香港，因生母在阿飞旭仔（张国荣）长大成人过程中的缺失，他把自己优雅地比喻为“无根鸟”，对生命中遇到的每一个女人都表现得放荡不羁，售票员苏丽珍（张曼玉）和舞女咪咪（刘嘉玲）先后令他感受过温暖，可是她们也只能当当小情人。为摆脱沉重和无力感，旭仔抛下一切去南洋找寻生母。暗恋过苏丽珍且目睹过她与旭仔情感一路变化的，曾是小巡警今在跑船的超仔（刘德华）在菲律宾又遇到旭仔，是缘分也是宿命，他参与、见证了阿飞命运被改写的过程。
